team,player_fullname,position,club,club_country
Albania,Thomas Strakosha,GK,AEK Athens,Greece
Albania,Simon Simoni,GK,1. FC Kaiserslautern,Germany
Albania,Alen Sherri,GK,Frosinone,Italy
Albania,Ivan Balliu,DEF,Rayo Vallecano,Spain
Albania,Klisman Cake,DEF,Shkëndija,North Macedonia
Albania,Elseid Hysaj,DEF,Lazio,Italy
Albania,Marash Kumbulla,DEF,Mallorca,Spain
Albania,Berat Gjimshiti,DEF,Atalanta,Italy
Albania,Naser Aliji,DEF,Dinamo City,Albania
Albania,Ardian Ismajli,DEF,Torino,Italy
Albania,Mario Mitaj,DEF,Al-Ittihad,Saudi Arabia
Albania,Mario Dajsinani,GK,Egnatia,Albania
Albania,Kristjan Asllani,MID,Torino,Italy
Albania,Qazim Laci,MID,Çaykur Rizespor,Turkey
Albania,Adrion Pajaziti,MID,Hajduk Split,Croatia
Albania,Medon Berisha,MID,Lecce,Italy
Albania,Ylber Ramadani,DEF,Lecce,Italy
Albania,Arber Hoxha,MID,Dinamo Zagreb,Croatia
Albania,Myrto Uzuni,MID,Austin FC,United States
Albania,Armando Broja,FWD,Burnley,England
Albania,Elhan Kastrati,GK,Eintracht Braunschweig,Germany
Albania,Nedim Bajrami,MID,Rangers,Scotland
Albania,Rey Manaj,FWD,Al-Sharjah,United Arab Emirates
Albania,Jasir Asani,MID,Esteghlal,Iran
Albania,Indrit Tuci,FWD,Kayserispor,Turkey
Albania,Mirlind Daku,FWD,Rubin Kazan,Russia
Algeria,Anthony Mandrea,GK,Caen,Algeria
Algeria,Oussama Benbot,GK,USM Alger,Algeria
Algeria,Luca Zidane,GK,Granada,Spain
Algeria,Aissa Mandi,DEF,Lille,France
Algeria,Ramy Bensebaini,DEF,Borussia Dortmund,Germany
Algeria,Youcef Atal,DEF,Al Sadd,Qatar
Algeria,Rayan Ait-Nouri,DEF,Manchester City,England
Algeria,Jaouen Hadjam,DEF,Young Boys,Switzerland
Algeria,Rafik Belghali,DEF,Hellas Verona,Italy
Algeria,Samir Chergui,DEF,Paris FC,France
Algeria,Mehdi Dorval,DEF,Bari,Italy
Algeria,Ismael Bennacer,DEF,Dinamo Zagreb,Croatia
Algeria,Ramiz Zerrouki,MID,Twente,Netherlands
Algeria,Hicham Boudaoui,MID,Nice,France
Algeria,Adem Zorgane,MID,Union Saint-Gilloise,Belgium
Algeria,Fares Chaibi,MID,Eintracht Frankfurt,Germany
Algeria,Houssem Aouar,MID,Al-Ittihad,Saudi Arabia
Algeria,Ibrahim Maza,FWD,Bayer Leverkusen,Germany
Algeria,Ilan Kebbal,MID,Paris FC,France
Algeria,Mohamed Amine Tougai,DEF,Espérance de Tunis,Tunisia
Algeria,Zineddine Belaid,DEF,JS Kabylie,Algeria
Algeria,Riyad Mahrez,MID,Al-Ahli,Saudi Arabia
Algeria,Baghdad Bounedjah,FWD,Al-Shamal,Qatar
Algeria,Mohamed Amoura,FWD,VfL Wolfsburg,Germany
Algeria,Anis Hadj Moussa,FWD,Feyenoord,Netherlands
Algeria,Saïd Benrahma,MID,Neom,Saudi Arabia
Argentina,Walter Benitez,GK,Crystal Palace,England
Argentina,Geronimo Rulli,GK,Marseille,France
Argentina,Emiliano Martinez,GK,Aston Villa,England
Argentina,Facundo Cambeses,GK,Racing Club,Argentina
Argentina,Juan Foyth,DEF,Villarreal,Spain
Argentina,Nicolas Tagliafico,DEF,Lyon,France
Argentina,Gonzalo Montiel,DEF,River Plate,Argentina
Argentina,Valentin Barco,DEF,Strasbourg,France
Argentina,Marcos Senesi,DEF,Bournemouth,England
Argentina,Cristian Romero,DEF,Tottenham Hotspur,England
Argentina,Nicolas Otamendi,DEF,Benfica,Portugal
Argentina,Nahuel Molina,DEF,Atlético Madrid,Spain
Argentina,Marcos Acuna,DEF,River Plate,Argentina
Argentina,Rodrigo De Paul,MID,Inter Miami,United States
Argentina,Giuliano Simeone,FWD,Atlético Madrid,Spain
Argentina,Leandro Paredes,DEF,Boca Juniors,Argentina
Argentina,Thiago Almada,MID,Atlético Madrid,Spain
Argentina,Emiliano Buendia,MID,Aston Villa,England
Argentina,Nico Paz,MID,Como,Italy
Argentina,Alexis Mac Allister,MID,Liverpool,England
Argentina,Enzo Fernández,MID,Chelsea,England
Argentina,Lionel Messi,FWD,Inter Miami,United States
Argentina,Nicolas Gonzalez,FWD,Atlético Madrid,Spain
Argentina,Lautaro Martinez,FWD,Inter Milan,Italy
Argentina,Franco Mastantuono,MID,Real Madrid,Spain
Argentina,Julian Alvarez,FWD,Atlético Madrid,Spain
Australia,Mathew Ryan,GK,Levante,Spain
Australia,Patrick Beach,GK,Melbourne City,Australia
Australia,Joe Gauci,GK,Port Vale,England
Australia,Milos Degenek,DEF,TSC,Serbia
Australia,Lewis Miller,DEF,Blackburn Rovers,England
Australia,Kye Rowles,DEF,D.C. United,Australia
Australia,Callum Elder,DEF,Derby County,England
Australia,Kai Trewin,DEF,Melbourne City,Australia
Australia,Jason Geria,DEF,Albirex Niigata,Australia
Australia,Cameron Burgess,DEF,Swansea City,England
Australia,Jack Iredale,DEF,Hibernian,Scotland
Australia,Paul Izzo,GK,Randers,Denmark
Australia,Connor Metcalfe,MID,FC St. Pauli,Germany
Australia,Aiden O'Neill,DEF,New York City FC,United States
Australia,Riley McGree,MID,Middlesbrough,England
Australia,Max Balard,DEF,NAC Breda,Netherlands
Australia,Cameron Devlin,DEF,Heart of Midlothian,Scotland
Australia,Paul Okon-Engstler,DEF,Sydney FC,Australia
Australia,Jackson Irvine,MID,FC St. Pauli,Germany
Australia,Jamie Maclaren,FWD,Mohun Bagan SG,India
Australia,Martin Boyle,MID,Hibernian,Scotland
Australia,Nestory Irankunda,MID,Watford,England
Australia,Mohamed Toure,FWD,Randers,Denmark
Australia,Al Hassan Toure,FWD,Sydney FC,Australia
Australia,Craig Goodwin,MID,Adelaide United,Australia
Australia,Nicholas D'Agostino,FWD,Viking,Norway
Austria,Alexander Schlager,GK,Red Bull Salzburg,Austria
Austria,Patrick Pentz,GK,Brøndby,Denmark
Austria,Nicolas Kristof,GK,SV Elversberg,Germany
Austria,Marco Friedl,DEF,Werder Bremen,Germany
Austria,Kevin Danso,DEF,Tottenham Hotspur,England
Austria,Stefan Posch,DEF,Como,Italy
Austria,David Alaba,DEF,Real Madrid,Spain
Austria,Leopold Querfeld,DEF,Union Berlin,Germany
Austria,Philipp Lienhart,DEF,SC Freiburg,Germany
Austria,Phillipp Mwene,DEF,Mainz 05,Germany
Austria,Alexander Prass,DEF,TSG Hoffenheim,Germany
Austria,Nikolas Polster,GK,Wolfsberger AC,Austria
Austria,Xaver Schlager,MID,RB Leipzig,Germany
Austria,Nicolas Seiwald,DEF,RB Leipzig,Germany
Austria,Marcel Sabitzer,MID,Borussia Dortmund,Germany
Austria,Florian Grillitsch,DEF,Braga,Portugal
Austria,Romano Schmid,MID,Werder Bremen,Germany
Austria,Christoph Baumgartner,MID,RB Leipzig,Germany
Austria,Konrad Laimer,DEF,Bayern Munich,Germany
Austria,Patrick Wimmer,MID,Wolfsburg,Germany
Austria,Marco Grull,MID,Werder Bremen,Germany
Austria,Saša Kalajdžić,FWD,LASK,Germany
Austria,Marko Arnautovic,FWD,Red Star Belgrade,France
Austria,Michael Gregoritsch,MID,Brøndby,Denmark
Austria,Nikolaus Wurmbrand,MID,Rapid Wien,Austria
Austria,Raul Florucz,MID,Union Saint-Gilloise,Belgium
Belgium,Senne Lammens,GK,Manchester United,England
Belgium,Matz Sels,GK,Nottingham Forest,England
Belgium,Thibaut Courtois,GK,Real Madrid,Spain
Belgium,Joaquin Seys,DEF,Club Brugge,Belgium
Belgium,Arthur Theate,DEF,Eintracht Frankfurt,Germany
Belgium,Brandon Mechele,DEF,Club Brugge,Belgium
Belgium,Maxim De Cuyper,DEF,Brighton & Hove Albion,England
Belgium,Thomas Meunier,DEF,Lille,France
Belgium,Koni De Winter,DEF,AC Milan,Italy
Belgium,Timothy Castagne,DEF,Fulham,England
Belgium,Youri Tielemans,MID,Aston Villa,England
Belgium,Mike Penders,GK,Strasbourg,France
Belgium,Maarten Vandevoordt,GK,RB Leipzig,Germany
Belgium,Axel Witsel,DEF,Girona,Spain
Belgium,Diego Moreira,DEF,Strasbourg,France
Belgium,Kevin De Bruyne,MID,Napoli,Italy
Belgium,Hans Vanaken,MID,Club Brugge,Belgium
Belgium,Nicolas Raskin,MID,Rangers,Scotland
Belgium,Leandro Trossard,MID,Arsenal,England
Belgium,Jeremy Doku,MID,Manchester City,England
Belgium,Charles De Ketelaere,MID,Atalanta,Italy
Belgium,Nordin Jackers,GK,Club Brugge,Belgium
Belgium,Lois Openda,FWD,Juventus,Italy
Belgium,Dodi Lukebakio,MID,Benfica,Portugal
Belgium,Romelu Lukaku,FWD,Napoli,Italy
Belgium,Alexis Saelemaekers,DEF,AC Milan,Italy
Bolivia,Carlos Lampe,GK,Bolívar,Bolivia
Bolivia,Guillermo Viscarra,GK,Alianza Lima,Peru
Bolivia,Luis Banegas,GK,San Jose,Bolivia
Bolivia,Diego Arroyo,DEF,Shakhtar Donetsk,Ukraine
Bolivia,Diego Medina,DEF,CSKA 1948,Bolivia
Bolivia,Jose Sagredo,DEF,Bolívar,Bolivia
Bolivia,Leonardo Zabala,DEF,Cancún,Bolivia
Bolivia,Lucas Macazaga,DEF,Leganés B,Spain
Bolivia,Luis Haquin,DEF,Al-Tai,Ecuador
Bolivia,Marcelo Timoran,DEF,Córdoba B,Spain
Bolivia,Roberto Fernandez,DEF,Akron Togliatti,Bolivia
Bolivia,Carlos Melgar,MID,Bolívar,Bolivia
Bolivia,Ervin Vaca,MID,Bolívar,Bolivia
Bolivia,Gabriel Villamil,MID,LDU Quito,Ecuador
Bolivia,Hector Cuellar,MID,Always Ready,Bolivia
Bolivia,Lucas Chavez,MID,Volta Redonda,Bolivia
Bolivia,Moises Villarroel,MID,Blooming,Bolivia
Bolivia,Jaume Cuéllar,MID,Arenteiro,Spain
Bolivia,Yomar Rocha,DEF,Akron Tolyatti,Russia
Bolivia,Robson Matheus,MID,Always Ready,Bolivia
Bolivia,Carmelo Algaranaz,FWD,Kalamata,Greece
Bolivia,Enzo Monteiro,FWD,Santos,Brazil
Bolivia,Henry Vaca,MID,Oriente Petrolero,Bolivia
Bolivia,Jose Martinez,FWD,CSKA 1948,Bulgaria
Bolivia,Miguel Terceros,MID,Santos,Bolivia
Bolivia,Moises Paniagua,MID,Always Ready,Bolivia
Bosnia & Herzegovina,Nikola Vasilj,GK,FC St. Pauli,Germany
Bosnia & Herzegovina,Osman Hadzikic,GK,Slaven Belupo,Bosnia & Herzegovina
Bosnia & Herzegovina,Martin Zlomislic,GK,Rijeka,Croatia
Bosnia & Herzegovina,Nihad Mujakic,DEF,Eyüpspor,Turkey
Bosnia & Herzegovina,Dennis Hadzikadunic,DEF,Sampdoria,Italy
Bosnia & Herzegovina,Tarik Muharemovic,DEF,Sassuolo,Italy
Bosnia & Herzegovina,Sead Kolasinac,DEF,Atalanta,Italy
Bosnia & Herzegovina,Amar Dedic,DEF,Benfica,Portugal
Bosnia & Herzegovina,Emir Karic,DEF,Sturm Graz,Austria
Bosnia & Herzegovina,Arjan Malic,DEF,Sturm Graz,Austria
Bosnia & Herzegovina,Nikola Katic,DEF,Schalke 04,Germany
Bosnia & Herzegovina,Benjamin Tahirovic,DEF,Brøndby,Denmark
Bosnia & Herzegovina,Armin Gigovic,MID,Young Boys,Switzerland
Bosnia & Herzegovina,Amar Memic,MID,Viktoria Plzeň,Czechia
Bosnia & Herzegovina,Amir Hadziahmetovic,DEF,Hull City,England
Bosnia & Herzegovina,Esmir Bajraktarevic,MID,PSV,Netherlands
Bosnia & Herzegovina,Dzenis Burnic,MID,Karlsruher SC,Germany
Bosnia & Herzegovina,Vedad Muftic,GK,Željezničar,Bosnia & Herzegovina
Bosnia & Herzegovina,Ermedin Demirović,FWD,VfB Stuttgart,Germany
Bosnia & Herzegovina,Ivan Basic,MID,Astana,Kazakhstan
Bosnia & Herzegovina,Ivan Sunjic,DEF,Pafos,Cyprus
Bosnia & Herzegovina,Kerim Alajbegovic,MID,Red Bull Salzburg,Austria
Bosnia & Herzegovina,Samed Bazdar,FWD,Zaragoza,Spain
Bosnia & Herzegovina,Haris Tabakovic,FWD,Borussia Mönchengladbach,Germany
Bosnia & Herzegovina,Edin Dzeko,FWD,Fiorentina,Italy
Bosnia & Herzegovina,Adrian Leon Barisic,DEF,Basel,Switzerland
Brazil,John Victor,GK,Nottingham Forest,England
Brazil,Alisson Becker,GK,Liverpool,England
Brazil,Ederson,GK,Fenerbahçe,Turkey
Brazil,Eder Militao,DEF,Real Madrid,Spain
Brazil,Marquinhos,DEF,Paris Saint-Germain,France
Brazil,Alex Sandro,DEF,Flamengo,Brazil
Brazil,Danilo,DEF,Flamengo,Brazil
Brazil,Wesley,DEF,Roma,Italy
Brazil,Fabricio Bruno,DEF,Cruzeiro,Brazil
Brazil,Caio Henrique,DEF,Monaco,Monaco
Brazil,Luciano Juba,DEF,Bahia,Brazil
Brazil,Casemiro,DEF,Manchester United,England
Brazil,Bruno Guimaraes,MID,Newcastle United,England
Brazil,Lucas Paqueta,MID,West Ham United,England
Brazil,Fabinho,MID,Al-Ittihad,Saudi Arabia
Brazil,Andrey Santos,MID,Chelsea,England
Brazil,Vinicius Junior,MID,Real Madrid,Spain
Brazil,Matheus Cunha,MID,Manchester United,England
Brazil,Hugo Souza,GK,Corinthians,Brazil
Brazil,Paulo Henrique,FWD,Vasco da Gama,Brazil
Brazil,Richarlison,FWD,Tottenham Hotspur,England
Brazil,Rodrygo,MID,Real Madrid,Spain
Brazil,Neymar Jr.,MID,Santos,Brazil
Brazil,Estevao,FWD,Chelsea,England
Brazil,Joao Pedro,FWD,Chelsea,England
Brazil,Vitor Roque,FWD,Palmeiras,Brazil
Canada,Dayne St. Clair,GK,Minnesota United,United States
Canada,Maxime Crepeau,GK,Portland Timbers,United States
Canada,Owen Goodman,GK,Huddersfield Town,England
Canada,Zorhan Bassong,DEF,Sporting Kansas City,United States
Canada,Kamal Miller,DEF,Portland Timbers,United States
Canada,Joel Waterman,DEF,Chicago Fire,United States
Canada,Derek Cornelius,DEF,Rangers,Scotland
Canada,Alfie Jones,DEF,Middlesbrough,England
Canada,Alphonso Davies,DEF,Bayern Munich,Germany
Canada,Niko Sigur,DEF,Hajduk Split,Croatia
Canada,Jonathan David,FWD,Juventus,Italy
Canada,Mathieu Choiniere,MID,Los Angeles FC,United States
Canada,Stephen Eustaquio,MID,Porto,Portugal
Canada,Ismael Kone,MID,Sassuolo,Italy
Canada,Jacob Shaffelburg,MID,Nashville SC,United States
Canada,Tajon Buchanan,DEF,Villarreal,Spain
Canada,Ali Ahmed,MID,Vancouver Whitecaps,Canada
Canada,Jonathan Osorio,MID,Toronto FC,Canada
Canada,Jayden Nelson,MID,Austin FC,United States
Canada,Junior Hoilett,MID,Hibernian,Scotland
Canada,Nathan Saliba,MID,Anderlecht,Belgium
Canada,Marcelo Flores,MID,Tigres UANL,Mexico
Canada,Tani Oluwaseyi,FWD,Villarreal,Spain
Canada,Theo Bair,FWD,Lausanne-Sport,Switzerland
Canada,Promise David,FWD,Union SG,Belgium
Canada,Cyle Christopher Larin,MID,Feyenoord,Netherlands
Cape Verde,Vozinha,GK,Chaves,Cape Verde
Cape Verde,Marcio Rosa,GK,Montana,Cape Verde
Cape Verde,Bruno Varela,GK,Al-Hazem,Saudi Arabia
Cape Verde,Stopira,DEF,Torreense,Cape Verde
Cape Verde,Diney,DEF,Al Bataeh,United Arab Emirates
Cape Verde,Ricardo Santos,DEF,Swansea City,England
Cape Verde,Kelvin Pires,DEF,SJK,Cape Verde
Cape Verde,Wagner Pina,DEF,Trabzonspor,Turkey
Cape Verde,Sidny Lopes Cabral,DEF,Estrela da Amadora,Portugal
Cape Verde,Jojo,DEF,Vizela,Portugal
Cape Verde,David Moreira,DEF,Sporting CP B,Portugal
Cape Verde,Kevin Pina,MID,Krasnodar,Russia
Cape Verde,Joao Paulo,MID,Oțelul Galați,Romania
Cape Verde,Jamiro Monteiro,MID,PEC Zwolle,Netherlands
Cape Verde,Deroy Duarte,MID,Ludogorets Razgrad,Cape Verde
Cape Verde,Jovane Cabral,MID,Estrela Amadora,Portugal
Cape Verde,Telmo Arcanjo,MID,Vitória Guimarães,Cape Verde
Cape Verde,Ailson Tavares,DEF,Beitar Jerusalem,Cape Verde
Cape Verde,Dailon Livramento,FWD,Casa Pia,Portugal
Cape Verde,Garry Rodrigues,MID,Apollon Limassol,Cape Verde
Cape Verde,Alessio da Cruz,MID,Athletic,Spain
Cape Verde,Willy Semedo,MID,Omonia,Cape Verde
Cape Verde,Helio Varela,MID,Maccabi Tel Aviv,Cape Verde
Cape Verde,Ryan Mendes,MID,Iğdır,Cape Verde
Cape Verde,Nuno da Costa,MID,İstanbul Başakşehir,Turkey
Cape Verde,Heriberto Tavares,MID,Maccabi Netanya,Cape Verde
Colombia,David Ospina,GK,Atlético Nacional,Colombia
Colombia,Camilo Vargas,GK,Atlas,Mexico
Colombia,Alvaro Montero,GK,Velez Sarsfield,Argentina
Colombia,Davinson Sanchez,DEF,Galatasaray,Turkey
Colombia,Santiago Arias,DEF,Bahia,Brazil
Colombia,Yerry Mina,DEF,Cagliari,Italy
Colombia,Daniel Munoz,DEF,Crystal Palace,England
Colombia,Johan Mojica,DEF,Mallorca,Spain
Colombia,Jhon Lucumi,DEF,Bologna,Italy
Colombia,Carlos Cuesta,DEF,Vasco da Gama,Brazil
Colombia,Alvaro Angulo,DEF,UNAM,Mexico
Colombia,James Rodriguez,MID,León,Spain
Colombia,Jefferson Lerma,DEF,Crystal Palace,England
Colombia,Jhon Arias,MID,Wolverhampton Wanderers,England
Colombia,Richard Rios,MID,Benfica,Portugal
Colombia,Kevin Castano,DEF,River Plate,Argentina
Colombia,Jorge Carrascal,MID,Flamengo,Brazil
Colombia,Yaser Asprilla,MID,Girona,Spain
Colombia,Juan Portilla,MID,Talleres,Argentina
Colombia,Gustavo Puerta,MID,Racing Santander,Spain
Colombia,Luis Diaz,FWD,Bayern Munich,Germany
Colombia,Rafael Santos Borre,FWD,Internacional,Brazil
Colombia,Jhon Cordoba,FWD,Krasnodar,Russia
Colombia,Luis Suarez,FWD,Inter Miami,Portugal
Colombia,Andres Gomez,FWD,Vasco da Gama,Brazil
Colombia,Luis Sinisterra,MID,Cruzeiro,England
Croatia,Dominik Livakovic,GK,Girona,Spain
Croatia,Ivor Pandur,GK,Hull City,England
Croatia,Nediljko Labrovic,GK,Augsburg,Germany
Croatia,Josip Stanisic,DEF,Bayern Munich,Germany
Croatia,Marin Pongracic,DEF,Fiorentina,Italy
Croatia,Josko Gvardiol,DEF,Manchester City,England
Croatia,Duje Caleta-Car,DEF,Real Sociedad,Spain
Croatia,Josip Sutalo,DEF,Ajax,Netherlands
Croatia,Martin Erlic,DEF,Midtjylland,Denmark
Croatia,Andrej Kramaric,MID,TSG Hoffenheim,Germany
Croatia,Mateo Kovačić,MID,Manchester City,England
Croatia,Luka Modric,MID,AC Milan,Italy
Croatia,Nikola Vlasic,MID,Torino,Italy
Croatia,Mario Pasalic,MID,Atalanta,Italy
Croatia,Petar Sucic,MID,Inter Milan,Italy
Croatia,Kristijan Jakic,DEF,FC Augsburg,Germany
Croatia,Toni Fruk,MID,Rijeka,Croatia
Croatia,Ivan Perisic,MID,PSV,Netherlands
Croatia,Franjo Ivanovic,FWD,Benfica,Portugal
Croatia,Ivica Ivusic INJ,GK,Hajduk Split,Croatia
Croatia,Dominik Kotarski INJ,GK,Copenhagen,Denmark
Croatia,Marco Pasalic,MID,Orlando City,United States
Croatia,Petar Musa,FWD,FC Dallas,United States
Croatia,Mislav Orsic,MID,Pafos,Cyprus
Croatia,Igor Matanovic,FWD,SC Freiburg,Germany
Curaçao,Eloy Room,GK,,
Curaçao,Tyrick Bodak,GK,Telstar,Netherlands
Curaçao,Trevor Doornbusch,GK,VVV-Venlo,Curaçao
Curaçao,Shurandy Sambo,DEF,Sparta Rotterdam,Netherlands
Curaçao,Jurien Gaari,DEF,Abha,Curaçao
Curaçao,Roshon van Eijma,DEF,RKC Waalwijk,Curaçao
Curaçao,Sherel Floranus,DEF,PEC Zwolle,Netherlands
Curaçao,Deveron Fonville,DEF,NEC,Netherlands
Curaçao,Armando Obispo,DEF,PSV,Netherlands
Curaçao,Joshua Brenet,DEF,Livingston,Scotland
Curaçao,Tahith Chong,FWD,Sheffield United,England
Curaçao,Godfried Roemeratoe,DEF,RKC Waalwijk,Curaçao
Curaçao,Juninho Bacuna,MID,Gaziantep,Turkey
Curaçao,Livano Comenencia,DEF,Zürich,Switzerland
Curaçao,Leandro Bacuna,DEF,Bandırmaspor,Curaçao
Curaçao,Ar'jany Martha,DEF,Rotherham United,England
Curaçao,Tyrese Noslin,DEF,Telstar,Netherlands
Curaçao,Kevin Felida,DEF,Den Bosch,Curaçao
Curaçao,Jurgen Locadia,FWD,SD Amorebieta,United States
Curaçao,Leandro Merencia,MID,Twente,Netherlands
Curaçao,Jeremy Antonisse,MID,A.E. Kifisia,Greece
Curaçao,Sontje Hansen,FWD,Middlesbrough,England
Curaçao,Kenji Gorre,FWD,Maccabi Haifa,Israel
Curaçao,Jearl Margaritha,FWD,Beveren,Curaçao
Curaçao,Jordi Paulina,FWD,Borussia Dortmund II,Germany
Curaçao,Gervane Kastaneer,FWD,Persis Solo,Curaçao
Czechia,Matej Kovar,GK,PSV,Netherlands
Czechia,Lukas Hornicek,GK,Braga,Portugal
Czechia,Jindrich Stanek,GK,Slavia Prague,Czechia
Czechia,Stepan Chaloupek,DEF,SK Slavia Prague,Czechia
Czechia,Robin Hranac,DEF,TSG Hoffenheim,Germany
Czechia,Vladimir Coufal,DEF,Hoffenheim,Germany
Czechia,David Doudera,MID,Slavia Prague,Czechia
Czechia,David Jurasek,DEF,Beşiktaş,Turkey
Czechia,Jaroslav Zeleny,DEF,Sparta Prague,Czechia
Czechia,Martin Vitik,DEF,Bologna,Italy
Czechia,Patrik Schick,FWD,Bayer Leverkusen,Germany
Czechia,Martin Jedlicka,GK,Viktoria Plzeň,Czechia
Czechia,Jakub Markovic,GK,Slavia Prague,Czechia
Czechia,Matej Rynes,MID,Sparta Prague,Czechia
Czechia,Adam Karabec,MID,Lyon,France
Czechia,Michal Sadilek,MID,Slavia Prague,Czechia
Czechia,Lukas Cerv,MID,Viktoria Plzeň,Czechia
Czechia,Krystof Danek,MID,LASK,Austria
Czechia,Tomas Soucek,MID,West Ham United,England
Czechia,Lukas Provod,MID,Slavia Prague,Czechia
Czechia,Tomas Ladra,MID,Viktoria Plzeň,Czechia
Czechia,Patrik Hellebrand,MID,Górnik Zabrze,Poland
Czechia,Michal Beran,FWD,Jablonec,Czechia
Czechia,Vaclav Sejk,FWD,Heerenveen,Netherlands
Czechia,Mojmir Chytil,FWD,Slavia Prague,Czechia
Czechia,Tomas Chory,FWD,Slavia Prague,Czechia
DR Congo,Lionel Mpasi,GK,Le Havre,France
DR Congo,Timothy Fayulu,GK,Noah,DR Congo
DR Congo,Matthieu Epolo,GK,Standard Liège,Belgium
DR Congo,Chancel Mbemba,DEF,Lille,France
DR Congo,Arthur Masuaku,DEF,Sunderland,England
DR Congo,Gedeon Kalulu,DEF,Aris Limassol,Cyprus
DR Congo,Joris Kayembe,DEF,Genk,Belgium
DR Congo,Axel Tuanzebe,DEF,Burnley,England
DR Congo,Rocky Bushiri,DEF,Hibernian,Scotland
DR Congo,Aaron Wan-Bissaka,DEF,West Ham United,England
DR Congo,Steve Kapuadi,DEF,Legia Warsaw,Poland
DR Congo,Samuel Moutoussamy,DEF,Atromitos,Greece
DR Congo,Edo Kayembe,MID,Watford,England
DR Congo,Charles Pickel,DEF,Espanyol,Spain
DR Congo,Gael Kakuta,MID,Sakaryaspor,DR Congo
DR Congo,Noah Sadiki,DEF,Sunderland,England
DR Congo,Ngal'ayel Mukau,MID,Lille,France
DR Congo,Simon Banza,FWD,Al Jazira,United Arab Emirates
DR Congo,Michel-Ange Balikwisha,FWD,Celtic,Scotland
DR Congo,Cedric Bakambu,MID,Betis,Spain
DR Congo,Meschak Elia,FWD,Alanyaspor,Turkey
DR Congo,Theo Bongonda,MID,Spartak Moscow,Russia
DR Congo,Fiston Mayele,FWD,Pyramids,Egypt
DR Congo,Nathanael Mbuku,FWD,Montpellier,France
DR Congo,Samuel Essende,FWD,FC Augsburg,Germany
DR Congo,Brian Cipenga,MID,Castellón,Spain
Denmark,Kasper Schmeichel,GK,Celtic,Scotland
Denmark,Mads Hermansen,GK,West Ham United,England
Denmark,Oliver Christensen,GK,Sturm Graz,Austria
Denmark,Joachim Andersen,DEF,Fulham,England
Denmark,Jannik Vestergaard,DEF,Leicester City,England
Denmark,Lucas Høgsberg,DEF,Strasbourg,France
Denmark,Nikolas Nartey,MID,VfB Stuttgart,Germany
Denmark,Andreas Christensen,DEF,Barcelona,Spain
Denmark,Rasmus Kristensen,DEF,Eintracht Frankfurt,Germany
Denmark,Patrick Dorgu,DEF,Manchester United,England
Denmark,Victor Nelsson,DEF,Hellas Verona,Italy
Denmark,Filip Jorgensen,GK,Chelsea,England
Denmark,Christian Eriksen,MID,VfL Wolfsburg,Germany
Denmark,Victor Froholdt,MID,Porto,Portugal
Denmark,Mikkel Damsgaard,MID,Brentford,England
Denmark,Christian Nørgaard,DEF,Arsenal,England
Denmark,Philip Billing,MID,Midtjylland,Denmark
Denmark,Morten Hjulmand,DEF,Sporting CP,Portugal
Denmark,Pierre-Emile Højbjerg,DEF,Marseille,France
Denmark,Matt O'Riley,MID,Marseille,France
Denmark,Gustav Isaksen,MID,Lazio,Italy
Denmark,Rasmus Højlund,FWD,Napoli,Italy
Denmark,Jacob Bruun Larsen,MID,Burnley,England
Denmark,Jonas Wind,FWD,VfL Wolfsburg,Germany
Denmark,Mika Biereth,FWD,Monaco,Monaco
Denmark,Joakim MæhleINJ,DEF,Wolfsburg,Germany
Ecuador,Hernan Galindez,GK,Huracán,Argentina
Ecuador,Moises Ramirez,GK,A.E. Kifisia,Greece
Ecuador,Cristhian Loor,GK,Botafogo,Brazil
Ecuador,Angelo Preciado,DEF,Sparta Prague,Czechia
Ecuador,Piero Hincapie,DEF,Arsenal,England
Ecuador,Felix Torres,DEF,Corinthians,Brazil
Ecuador,Willian Pacho,DEF,Paris Saint-Germain,France
Ecuador,Cristian Ramirez,DEF,Lokomotiv Moscow,Russia
Ecuador,Joel Ordonez,DEF,Club Brugge,Belgium
Ecuador,Jhoanner Chavez,DEF,Lens,France
Ecuador,Leonardo Realpe,DEF,Famalicão,Portugal
Ecuador,Moises Caicedo,DEF,Chelsea,England
Ecuador,Alan Franco,MID,Atlético Mineiro,Brazil
Ecuador,Gonzalo Plata,MID,Flamengo,Brazil
Ecuador,Kendry Paez,MID,Strasbourg,France
Ecuador,John Yeboah,MID,Venezia,Italy
Ecuador,Alan Minda,MID,Cercle Brugge,Belgium
Ecuador,Pedro Vite,MID,UNAM,Mexico
Ecuador,Jordy Alcivar,DEF,Independiente del Valle,Ecuador
Ecuador,Denil Castillo,MID,Midtjylland,Denmark
Ecuador,Yaimar Medina,MID,Genk,Belgium
Ecuador,Patrik Mercado,MID,Independiente del Valle,Ecuador
Ecuador,Kevin Rodriguez,FWD,Union Saint-Gilloise,Belgium
Ecuador,Leonardo Campana,FWD,New England Revolution,United States
Ecuador,Nilson Angulo,FWD,Anderlecht,Belgium
Ecuador,John Mercado,MID,Sparta Prague,Czechia
Egypt,Mohamed El Shenawy,GK,Al Ahly,Egypt
Egypt,Ahmed El Shenawy,GK,Pyramids,Egypt
Egypt,Mohamed Sobhi,GK,Zamalek,Egypt
Egypt,Ramy Rabia,DEF,Al Ain,United Arab Emirates
Egypt,Mohamed Hamdy,DEF,Pyramids,Egypt
Egypt,Mohamed Hany,DEF,Al Ahly,Egypt
Egypt,Ahmed Abou El Fotouh,DEF,Zamalek,Egypt
Egypt,Yasser Ibrahim,DEF,Al Ahly,Egypt
Egypt,Hossam Abdelmaguid,DEF,Zamalek,Egypt
Egypt,Khaled Sobhi,DEF,Al Masry,Egypt
Egypt,Ahmed Eid,DEF,Al Masry,Egypt
Egypt,Mostafa Shobeir,GK,Al Ahly SC,Egypt
Egypt,Trezeguet,MID,Al Ahly,Egypt
Egypt,Zizo,MID,Al Ahly,Egypt
Egypt,Hamdy Fathy,DEF,Al-Wakrah,Qatar
Egypt,Marwan Attia,MID,Al Ahly,Egypt
Egypt,Emam Ashour,MID,Al Ahly,Egypt
Egypt,Ibrahim Adel,MID,Al Jazira,United Arab Emirates
Egypt,Mohanad Lasheen,MID,Pyramids,Egypt
Egypt,Mohamed Ismail,FWD,Zamalek,Egypt
Egypt,Mahmoud Saber,MID,ZED,Egypt
Egypt,Mohamed Shehata,FWD,Zamalek,Egypt
Egypt,Mohamed Salah,MID,Liverpool,England
Egypt,Mostafa Mohamed,FWD,Nantes,France
Egypt,Omar Marmoush,FWD,Manchester City,England
Egypt,Mostafa Fathi,MID,Pyramids,Egypt
England,Jordan Pickford,GK,Everton,England
England,Dean Henderson,GK,Crystal Palace,England
England,James Trafford,GK,Manchester City,England
England,Jarell Quansah,DEF,Bayer Leverkusen,Germany
England,Reece James,DEF,Chelsea,England
England,John Stones,DEF,Manchester City,England
England,Trevoh Chalobah,DEF,Chelsea,England
England,Trent Alexander-Arnold,DEF,Real Madrid,Spain
England,Djed Spence,DEF,Tottenham Hotspur,England
England,Nico O'Reilly,MID,Manchester City,England
England,Ezri Konsa,DEF,Aston Villa,England
England,Declan Rice,MID,Arsenal,England
England,Jordan Henderson,MID,Brentford,England
England,Jude Bellingham,MID,Real Madrid,Spain
England,Morgan Rogers,MID,Aston Villa,England
England,Adam Wharton,MID,Crystal Palace,England
England,Elliot Anderson,MID,Nottingham Forest,England
England,Alex Scott,MID,Bournemouth,England
England,Bukayo Saka,MID,Arsenal,England
England,Nick Pope,MID,Newcastle United,England
England,Aaron Ramsdale,GK,Newcastle United,England
England,Harry Kane,FWD,Bayern Munich,Germany
England,Marcus Rashford,FWD,Barcelona,Spain
England,Phil Foden,MID,Manchester City,England
England,Eberechi Eze,MID,Arsenal,England
England,Jack Grealish,MID,Everton,England
France,Brice Samba,GK,Rennes,France
France,Mike Maignan,GK,AC Milan,Italy
France,Lucas Chevalier,GK,Paris Saint-Germain,France
France,Malo Gusto,DEF,Chelsea,England
France,Jules Kounde,DEF,Barcelona,Spain
France,Ibrahima Konate,DEF,Liverpool,England
France,William Saliba,DEF,Arsenal,England
France,Theo Hernandez,DEF,Al Hilal,Saudi Arabia
France,Benjamin Pavard,DEF,Marseille,France
France,Dayot Upamecano,DEF,Bayern Munich,Germany
France,Lucas Hernandez,DEF,Paris Saint-Germain,France
France,Khephren Thuram,DEF,Juventus,Italy
France,Michael Olise,MID,Bayern Munich,Germany
France,N'Golo Kante,DEF,Al-Ittihad,Saudi Arabia
France,Warren Zaire-Emery,MID,Paris Saint-Germain,France
France,Eduardo Camavinga,DEF,Real Madrid,Spain
France,Aurélien Tchouaméni,DEF,Real Madrid,Spain
France,Bradley Barcola,FWD,Paris Saint-Germain,France
France,Lucas Digne,DEF,Aston Villa,England
France,Dayot Upamecano,DEF,Bayern Munich,Germany
France,Lucas Hernandez,DEF,Paris Saint-Germain,France
France,Christopher Nkunku,MID,AC Milan,Italy
France,Kylian Mbappé,FWD,Real Madrid,Spain
France,Rayan Cherki,MID,Manchester City,England
France,Hugo Ekitike,FWD,Liverpool,England
France,Jean-Philippe Mateta,FWD,Crystal Palace,England
Germany,Oliver Baumann,GK,TSG Hoffenheim,Germany
Germany,Alexander Nubel,GK,VfB Stuttgart,Germany
Germany,Marc-Andre ter Stegen,GK,Barcelona,Spain
Germany,Malick Thiaw,DEF,Newcastle United,England
Germany,Waldemar Anton,DEF,Borussia Dortmund,Germany
Germany,Jonathan Tah,DEF,Bayern Munich,Germany
Germany,Nico Schlotterbeck,DEF,Borussia Dortmund,Germany
Germany,Nathaniel Brown,DEF,Eintracht Frankfurt,Germany
Germany,David Raum,DEF,RB Leipzig,Germany
Germany,Ridle Baku,DEF,RB Leipzig,Germany
Germany,Florian Wirtz,MID,Liverpool,England
Germany,Finn Dahmen,GK,FC Augsburg,Germany
Germany,Noah Atubolu,GK,SC Freiburg,Germany
Germany,Aleksandar Pavlovic,MID,Bayern Munich,Germany
Germany,Joshua Kimmich,DEF,Bayern Munich,Germany
Germany,Leon Goretzka,MID,Bayern Munich,Germany
Germany,Felix Nmecha,MID,Borussia Dortmund,Germany
Germany,Kevin Schade,MID,Brentford,England
Germany,Stefan Ortega,GK,Manchester City,England
Germany,Jamal Musiala,MID,Bayern Munich,Germany
Germany,Jamie Leweling,MID,VfB Stuttgart,Germany
Germany,Leroy Sane,MID,Galatasaray,Turkey
Germany,Serge Gnabry,MID,Bayern Munich,Germany
Germany,Karim Adeyemi,MID,Borussia Dortmund,Germany
Germany,Jonathan Burkardt,FWD,Eintracht Frankfurt,Germany
Germany,Nick Woltemade,MID,Newcastle United,England
Ghana,Lawrence Ati-Zigi,GK,St. Gallen,Switzerland
Ghana,Joseph Anang,GK,St Patrick's Athletic,Ireland
Ghana,Benjamin Asare,GK,Hearts of Oak,Scotland
Ghana,Alidu Seidu,DEF,Rennes,France
Ghana,Caleb Yirenkyi,MID,Nordsjælland,Denmark
Ghana,Jonas Adjetey,DEF,Basel,Switzerland
Ghana,Derrick Kohn,DEF,Union Berlin,Germany
Ghana,Gideon Mensah,DEF,Auxerre,France
Ghana,Jerome Opoku,DEF,İstanbul Başakşehir,Turkey
Ghana,Alexander Djiku,DEF,Spartak Moscow,Russia
Ghana,Tariq Lamptey,DEF,Fiorentina,Italy
Ghana,Kelvin Nkrumah,FWD,CF Montréal,Ghana
Ghana,Kwasi Sibo,MID,Oviedo,Spain
Ghana,Christopher Bonsu Baah,MID,Al-Qadsiah,Saudi Arabia
Ghana,Abu Francis,MID,Toulouse,France
Ghana,Kamaldeen Sulemana,MID,Atalanta,Italy
Ghana,Prince Kwabena Adu,MID,Viktoria Plzeň,Czechia
Ghana,Mohammed Kudus,MID,Tottenham Hotspur,England
Ghana,Antoine Semenyo,MID,Bournemouth,England
Ghana,Jojo Wollacott,GK,Crawley Town,England
Ghana,Mohammed Salisu,DEF,Monaco,Monaco
Ghana,Kojo Peprah Oppong,DEF,Nice,France
Ghana,Ebenezer Annan,DEF,Saint-Étienne,France
Ghana,Prince Osei Owusu,FWD,CF Montréal,Canada
Ghana,Brandon Thomas-Asante,FWD,Coventry City,England
Ghana,Razak Simpson,DEF,Nations,Ghana
Haiti,Johny Placide,GK,Bastia,France
Haiti,Alexandre Pierre,GK,Sochaux,Haiti
Haiti,Josue Duverger,GK,Cosmos Koblenz,Haiti
Haiti,Carlens Arcus,DEF,Angers,Haiti
Haiti,Keeto Thermoncy,DEF,Young Boys,Switzerland
Haiti,Ricardo Ade,DEF,L.D.U. Quito,Ecuador
Haiti,Hannes Delcroix,DEF,Burnley,England
Haiti,Garven Metusala,DEF,Colorado Springs Switchbacks,Haiti
Haiti,Martin Experience,DEF,Nancy,France
Haiti,Duke Lacroix,DEF,Colorado Springs Switchbacks,Haiti
Haiti,Stephane Lambese,DEF,Fleury,Haiti
Haiti,Jean‐Ricner Bellegarde,MID,Wolverhampton Wanderers,England
Haiti,Leverton Pierre,MID,Vizela,Portugal
Haiti,Carl Fred Sainte,MID,Phoenix Rising FC,Haiti
Haiti,Christopher Attys,MID,Triestina,Haiti
Haiti,Danley Jean Jacques,MID,Philadelphia Union,United States
Haiti,Josue Casimir,DEF,Auxerre,France
Haiti,Frantzdy Pierrot,FWD,AEK Athens,Greece
Haiti,Tony Algarin,GK,Reims U19,France
Haiti,Garissone Innocent,GK,Unattached,Haiti
Haiti,Grant Leveille,MID,D.C. United Academy,Haiti
Haiti,Derrick Etienne Jr.,MID,Toronto FC,Canada
Haiti,Duckens Nazon,FWD,Esteghlal,Iran
Haiti,Don Deedson Louicius,MID,FC Dallas,United States
Haiti,Frantzdy Pierrot,FWD,AEK Athens,Greece
Haiti,Woobens Pacius,FWD,Tampa Bay Rowdies,Haiti
Iran,Alireza Beiranvand,GK,Tractor,Iran
Iran,Payam Niazmand,GK,Persepolis,Iran
Iran,Hossein Hosseini,GK,Sepahan,Iran
Iran,Ali Nemati,DEF,Foolad,Iran
Iran,Saleh Hardani,DEF,Esteghlal,Iran
Iran,Shojae Khalilzadeh,DEF,Tractor,Iran
Iran,Milad Mohammadi,DEF,Persepolis,Iran
Iran,Hossein Kanaanizadegan,DEF,Persepolis,Iran
Iran,Majid Hosseini,DEF,Kayserispor,Turkey
Iran,Aria Yousefi,DEF,Sepahan,Iran
Iran,Danial Esmaeilifar,DEF,Tractor,Iran
Iran,Mohammad Reza Akhbari,GK,Sepahan,Iran
Iran,Saeid Ezatolahi,DEF,Shabab Al Ahli,Iran
Iran,Saman Ghoddos,DEF,Kalba,Iran
Iran,Mohammad Ghorbani,MID,Al Wahda,Iran
Iran,Mehdi Hashemnejad,MID,Tractor,Iran
Iran,Mehdi Tikdari,DEF,Gol Gohar,Iran
Iran,Omid Noorafkan,DEF,Sepahan,Iran
Iran,Alireza Koushki,MID,Esteghlal,Iran
Iran,Hadi Habibinejad,MID,Chadormalou,Iran
Iran,Mohammad Mehdi Mohebi,MID,Kalba,Iran
Iran,Mehdi Taremi,FWD,Olympiacos,Greece
Iran,Amirhossein Hosseinzadeh,MID,Tractor,Iran
Iran,Ali Alipour,FWD,Persepolis,Iran
Iran,Mohammad Omri,MID,Persepolis,Iran
Iran,Mehdi Ghayedi,MID,Al-Nasr,Iran
Iraq,Fahad Talib,GK,Al-Talaba,Iraq
Iraq,Jalal Hassan,GK,Al-Zawraa,Iraq
Iraq,Ahmed Basil,GK,Al-Shorta,Iraq
Iraq,Maitham Jabbar,DEF,Al-Zawraa,Iraq
Iraq,Mustafa Saadoon,DEF,Al-Shorta,Iraq
Iraq,Saad Natiq,DEF,Al-Talaba,Iraq
Iraq,Akam Hashim,DEF,Al-Zawraa,Iraq
Iraq,Manaf Younis,DEF,Al-Shorta,Iraq
Iraq,Ahmed Yahya,DEF,Al-Shorta,Iraq
Iraq,Ahmed Maknzi,DEF,Al-Najaf,Iraq
Iraq,Marko Farji,FWD,Strømsgodset,Norway
Iraq,Hussein Ali Al-Saedi,MID,Al-Shorta,Iraq
Iraq,Amjad Attwan,DEF,Zakho,Iraq
Iraq,Hasan Abdulkareem,MID,Al-Zawraa,Iraq
Iraq,Sajjad Jassim,MID,Al-Karma,Iraq
Iraq,Sherko Karim,FWD,Zakho SC,Iraq
Iraq,Ali Jasim,MID,Al-Najma,Saudi Arabia
Iraq,Karrar Nabeel,MID,Al-Zawraa,Iraq
Iraq,Zaid Ismail,MID,Al-Talaba,Iraq
Iraq,Ali Kadhim,FWD,Zakho,Iraq
Iraq,Mohammed Salih,MID,Al-Quwa Al-Jawiya,Iraq
Iraq,Kumel Al-Rekabe,GK,Ariana,Iraq
Iraq,Mohammed Jawad,FWD,Al-Quwa Al-Jawiya,Iraq
Iraq,Mohanad Ali,FWD,Dibba,United Arab Emirates
Iraq,Amar Muhsin,FWD,Brage,Iraq
Iraq,Aymen Hussein,FWD,Al-Karma,Iraq
Ireland,Caoimhin Kelleher,GK,Brentford,England
Ireland,Gavin Bazunu,GK,Southampton,England
Ireland,Mark Travers,GK,Everton,England
Ireland,Seamus Coleman,DEF,Everton,England
Ireland,Liam Scales,DEF,Celtic,Scotland
Ireland,Dara O'Shea,DEF,Ipswich Town,England
Ireland,Jake O'Brien,DEF,Everton,England
Ireland,John Egan,DEF,Hull City,England
Ireland,Ryan Manning,DEF,Southampton,England
Ireland,Festy Ebosele,DEF,İstanbul Başakşehir,Turkey
Ireland,Nathan Collins,DEF,Brentford,England
Ireland,Josh Cullen,MID,Burnley,England
Ireland,Jayson Molumby,DEF,West Bromwich Albion,England
Ireland,Finn Azaz,MID,Southampton,England
Ireland,Conor Coventry,DEF,Charlton Athletic,England
Ireland,Jack Taylor,MID,Ipswich Town,England
Ireland,Jamie McGrath,MID,Hibernian,Scotland
Ireland,Troy Parrott,FWD,AZ,Netherlands
Ireland,Adam Idah,FWD,Swansea City,England
Ireland,Max O'Leary,GK,Bristol City,England
Ireland,Josh Keeley,GK,Luton Town,England
Ireland,Jimmy Dunne,FWD,Queens Park Rangers,England
Ireland,Johnny Kenny,FWD,Celtic,Scotland
Ireland,Mikey Johnston,MID,West Bromwich Albion,England
Ireland,Chiedozie Ogbene,MID,Sheffield United,England
Ireland,Kevin O'Toole,FWD,New York City,United States
Italy,Gianluigi Donnarumma,GK,Manchester City,England
Italy,Marco Carnesecchi,GK,Atalanta,Italy
Italy,Guglielmo Vicario,GK,Tottenham Hotspur,England
Italy,Raoul Bellanova,DEF,Atalanta,Italy
Italy,Federico Dimarco,DEF,Inter Milan,Italy
Italy,Alessandro Buongiorno,DEF,Napoli,Italy
Italy,Matteo Gabbia,DEF,AC Milan,Italy
Italy,Andrea Cambiaso,DEF,Juventus,Italy
Italy,Alessandro Bastoni,DEF,Inter Milan,Italy
Italy,Giovanni Di Lorenzo,DEF,Napoli,Italy
Italy,Gianluca Mancini,DEF,Roma,Italy
Italy,Elia Caprile,GK,Cagliari,Italy
Italy,Manuel Locatelli,DEF,Juventus,Italy
Italy,Samuele Ricci,DEF,AC Milan,Italy
Italy,Davide Frattesi,MID,Inter Milan,Italy
Italy,Bryan Cristante,DEF,Roma,Italy
Italy,Nicolo Barella,MID,Inter Milan,Italy
Italy,Sandro Tonali,MID,Newcastle United,England
Italy,Mateo Retegui,FWD,Al-Qadsiah,Saudi Arabia
Italy,Mattia Zaccagni,MID,Lazio,Italy
Italy,Alex Meret,GK,Napoli,Italy
Italy,Federico Chiesa,MID,Liverpool,England
Italy,Giacomo Raspadori,FWD,Atlético Madrid,Spain
Italy,Gianluca Scamacca,FWD,Atalanta,Italy
Italy,Pio Esposito,FWD,Inter Milan,Italy
Italy,Riccardo Orsolini,MID,Bologna,Italy
Ivory Coast,Yahia Fofana,GK,Çaykur Rizespor,Turkey
Ivory Coast,Alban Lafont,GK,Panathinaikos,Greece
Ivory Coast,Mohamed Kone,GK,Charleroi,Belgium
Ivory Coast,Ghislain Konan,DEF,Gil Vicente,Portugal
Ivory Coast,Odilon Kossounou,DEF,Atalanta,Italy
Ivory Coast,Evan Ndicka,DEF,Roma,Italy
Ivory Coast,Willy Boly,DEF,Nottingham Forest,England
Ivory Coast,Jean-Philippe Gbamin,DEF,Metz,France
Ivory Coast,Guela Doue,DEF,Strasbourg,France
Ivory Coast,Ousmane Diomande,DEF,Sporting CP,Portugal
Ivory Coast,Christopher Operi,DEF,İstanbul Başakşehir,Turkey
Ivory Coast,Franck Kessie,MID,Al-Ahli,Saudi Arabia
Ivory Coast,Jean Michael Seri,MID,Maribor,Ivory Coast
Ivory Coast,Ibrahim Sangare,MID,Nottingham Forest,England
Ivory Coast,Wilfried Zaha,MID,Charlotte FC,United States
Ivory Coast,Seko Fofana,MID,Rennes,France
Ivory Coast,Christ Inao Oulai,MID,Trabzonspor,Turkey
Ivory Coast,Evann Guessand,FWD,Aston Villa,England
Ivory Coast,Emmanuel Agbadou,DEF,Wolverhampton Wanderers,England
Ivory Coast,Armel Zohouri,DEF,Iberia 1999,Georgia
Ivory Coast,Jean-Philippe Krasso,FWD,Paris FC,France
Ivory Coast,Oumar Diakite,FWD,Cercle Brugge,Belgium
Ivory Coast,Amad Diallo,MID,Manchester United,England
Ivory Coast,Vakoun Issouf Bayo,FWD,Udinese,Italy
Ivory Coast,Yan Diomande,MID,RB Leipzig,Germany
Ivory Coast,Bazoumana Toure,MID,TSG Hoffenheim,Germany
Jamaica,Andre Blake,GK,Philadelphia Union,United States
Jamaica,Tafari Chambers,GK,Mount Pleasant FC,Jamaica
Jamaica,Jahmali Waite,GK,El Paso Locomotive,Italy
Jamaica,Dexter Lembikisa,DEF,Lincoln City,England
Jamaica,Rico Henry,DEF,Brentford,England
Jamaica,Mason Holgate,DEF,Al-Gharafa,Qatar
Jamaica,Ethan Pinnock,DEF,Brentford,England
Jamaica,Richard King,DEF,St Mirren,Scotland
Jamaica,Damion Lowe,DEF,Houston Dynamo,United States
Jamaica,Ian Fray,DEF,Inter Miami,United States
Jamaica,Joel Latibeaudiere,DEF,Coventry City,England
Jamaica,Bobby De Cordova-Reid,MID,Leicester City,England
Jamaica,Isaac Hayden,DEF,Queens Park Rangers,England
Jamaica,Jahshaun Anglin,MID,Mount Pleasant Football Academy,Jamaica
Jamaica,Karoy Anderson,MID,Charlton Athletic,England
Jamaica,Jon Russell,MID,Barnsley,England
Jamaica,Demarai Gray,MID,Birmingham City,England
Jamaica,Tyreece Campbell,FWD,Charlton Athletic,England
Jamaica,Rumarn Burrell,FWD,Queens Park Rangers,England
Jamaica,Greg Leigh,DEF,Oxford United,England
Jamaica,Kaheim Dixon,FWD,Crawley Town,England
Jamaica,Shamar Nicholson,FWD,Tijuana,Mexico
Jamaica,Bailey Cadamarteri,FWD,Sheffield Wednesday,England
Jamaica,Dujuan Richards,FWD,Chelsea,England
Jamaica,Renaldo Cephas,MID,Pari Nizhny Novgorod,Russia
Jamaica,Warner Brown,FWD,Arnett Gardens,Jamaica
Japan,Tomoki Hayakawa,GK,Kashima Antlers,Japan
Japan,Leo Kokubo,GK,Sint-Truiden,Belgium
Japan,Taishi Brandon Nozawa,GK,Antwerp,Belgium
Japan,Yukinari Sugawara,DEF,Werder Bremen,Germany
Japan,Shogo Taniguchi,DEF,Sint-Truiden,Belgium
Japan,Ko Itakura,DEF,Ajax,Netherlands
Japan,Tsuyoshi Watanabe,DEF,Feyenoord,Netherlands
Japan,Tomoya Ando,DEF,Avispa Fukuoka,Japan
Japan,Ayumu Seko,DEF,Le Havre,France
Japan,Junnosuke Suzuki,DEF,Copenhagen,Denmark
Japan,Takefusa Kubo,MID,Real Sociedad,Spain
Japan,Wataru Endo,DEF,Liverpool,England
Japan,Joel Chima Fujita,DEF,FC St. Pauli,Germany
Japan,Takumi Minamino,MID,Monaco,Monaco
Japan,Ritsu Doan,MID,Eintracht Frankfurt,Germany
Japan,Keito Nakamura,MID,Reims,France
Japan,Daichi Kamada,MID,Crystal Palace,England
Japan,Ao Tanaka,MID,Leeds United,England
Japan,Kaishu Sano,DEF,Mainz 05,Germany
Japan,Ryunosuke Sato,DEF,FC Tokyo,Japan
Japan,Sota Kitano,MID,Red Bull Salzburg,Austria
Japan,Shuto Machino,FWD,Borussia Mönchengladbach,Germany
Japan,Daizen Maeda,FWD,Celtic,Scotland
Japan,Ayase Ueda,FWD,Feyenoord,Netherlands
Japan,Koki Ogawa,FWD,NEC Nijmegen,Netherlands
Japan,Keisuke Goto,FWD,Sint-Truiden,Belgium
Jordan,Yazeed Abulaila,GK,Al-Hussein,Jordan
Jordan,Malek Shalabiya,GK,Al-Ramtha,Jordan
Jordan,Nour Bani Attiah,GK,Al-Faisaly,Jordan
Jordan,Abdallah Nasib,DEF,Al-Zawraa,Iraq
Jordan,Husam Abu Dahab,DEF,Al-Salmiya,Jordan
Jordan,Hadi Al-Hourani,DEF,Al-Faisaly,Jordan
Jordan,Ali Hajabi,DEF,Al-Hussein,Jordan
Jordan,Salim Obaid,DEF,Al-Hussein,Jordan
Jordan,Saed Al-Rosan,DEF,Al-Hussein,Jordan
Jordan,Mohammad Abu Hashish,DEF,Al-Karma,Iraq
Jordan,Amer Jamous,MID,Al-Wehdat,Jordan
Jordan,Rajaei Ayed,MID,Al-Hussein,Jordan
Jordan,Ibrahim Sadeh,MID,Al-Karma,Iraq
Jordan,Issam Smeeri,DEF,Al-Salt,United States
Jordan,Mohannad Abu Taha,MID,Al-Quwa Al-Jawiya,Iraq
Jordan,Nizar Al-Rashdan,DEF,Al-Zawraa,Iraq
Jordan,Adham Al-Quraishi,DEF,Al-Hussein,Jordan
Jordan,Mohammad Abu Zrayq,MID,Al-Ramtha,Jordan
Jordan,Odeh Al-Fakhouri,MID,Al-Hussein,Jordan
Jordan,Abdallah Al-Fakhouri,GK,Al-Wehdat,Jordan
Jordan,Mohammad Al-Emwasi,GK,Al-Salt,United States
Jordan,Antoine Awad,GK,Al-Ahli,Saudi Arabia
Jordan,Ali Olwan,FWD,Al-Karma,Iraq
Jordan,Ahmad Ersan,MID,Al-Faisaly,Jordan
Jordan,Yazan Al-Naimat,FWD,Al-Arabi,Qatar
Jordan,Mahmoud Al-Mardi,MID,Dibba,United Arab Emirates
Kosovo,Arijanet Muric,GK,Sassuolo,Italy
Kosovo,Visar Bekaj,GK,Hatayspor,Kosovo
Kosovo,Amir Saipi,GK,Lugano,Switzerland
Kosovo,Kreshnik Hajrizi,DEF,Sion,Switzerland
Kosovo,Fidan Aliti,DEF,Alanyaspor,Turkey
Kosovo,Ilir Krasniqi,DEF,Kolos Kovalivka,Kosovo
Kosovo,Lumbardh Dellova,DEF,CSKA Sofia,Kosovo
Kosovo,Amir Rrahmani,DEF,Napoli,Italy
Kosovo,Mergim Vojvoda,DEF,Como,Italy
Kosovo,Dion Gallapeni,DEF,Widzew Łódź,Poland
Kosovo,Edon Zhegrova,MID,Juventus,Italy
Kosovo,Elvis Rexhbecaj,DEF,FC Augsburg,Germany
Kosovo,Florent Muslija,MID,Fortuna Düsseldorf,Germany
Kosovo,Valon Berisha,MID,LASK,Austria
Kosovo,Veldin Hoxha,DEF,Rubin Kazan,Russia
Kosovo,Lindon Emerllahu,DEF,CFR Cluj,Romania
Kosovo,Muharrem Jashari,MID,LNZ Cherkasy,Kosovo
Kosovo,Vedat Muriqi,FWD,Mallorca,Spain
Kosovo,Faton Maloku,GK,Drita,Kosovo
Kosovo,Altin Gjokaj,GK,Prishtina,Kosovo
Kosovo,Ilir Avdyli,GK,Malisheva,Kosovo
Kosovo,Milot Rashica,MID,Beşiktaş,Turkey
Kosovo,Albion Rrahmani,FWD,Sparta Prague,Czechia
Kosovo,Fisnik Asllani,FWD,TSG Hoffenheim,Germany
Kosovo,Ermal Krasniqi,MID,Legia Warsaw,Poland
Kosovo,Baton Zabergja,FWD,Metalist 1925 Kharkiv,Ukraine
Mexico,Luis Malagon,GK,América,Colombia
Mexico,Raul Rangel,GK,Guadalajara,Mexico
Mexico,Carlos Acevedo,GK,Santos Laguna,Mexico
Mexico,Kevin Alvarez,DEF,América,Colombia
Mexico,Cesar Montes,DEF,Lokomotiv Moscow,Russia
Mexico,Johan Vasquez,DEF,Genoa,Italy
Mexico,Israel Reyes,DEF,América,Colombia
Mexico,Jesus Orozco,DEF,Cruz Azul,Mexico
Mexico,Mateo Chavez,DEF,AZ,Netherlands
Mexico,Jesus Gallardo,DEF,Toluca,Mexico
Mexico,Edson Alvarez,DEF,Fenerbahçe,Turkey
Mexico,Erik Lira,DEF,Cruz Azul,Mexico
Mexico,Obed Vargas,DEF,Seattle Sounders FC,United States
Mexico,Gilberto Mora,MID,Tijuana,Mexico
Mexico,Marcel Ruiz,MID,Toluca,Mexico
Mexico,Fidel Ambriz,MID,Monterrey,Mexico
Mexico,Orbelin Pineda,MID,AEK Athens,Greece
Mexico,Erick Sanchez,MID,América,Colombia
Mexico,Jorge Ruvalcaba,MID,UNAM,Mexico
Mexico,Alexis Gutierrez,MID,América,Colombia
Mexico,Santiago Giménez,FWD,AC Milan,Italy
Mexico,Raul Jimenez,FWD,Fulham,England
Mexico,Diego Lainez,MID,Tigres UANL,Mexico
Mexico,Hirving Lozano,MID,San Diego FC,United States
Mexico,Roberto Alvarado,MID,Guadalajara,Mexico
Mexico,Armando Gonzalez,FWD,Guadalajara,Mexico
Morocco,Yassine Bounou,GK,Al Hilal,Saudi Arabia
Morocco,Munir Mohamedi,GK,RS Berkane,Morocco
Morocco,El Mehdi Al Harrar,GK,Raja CA,Morocco
Morocco,Achraf Hakimi,DEF,Paris Saint-Germain,France
Morocco,Romain Saiss,DEF,Al Sadd,Qatar
Morocco,Nayef Aguerd,DEF,Marseille,France
Morocco,Noussair Mazraoui,DEF,Manchester United,England
Morocco,Jawad El Yamiq,DEF,Al-Najma,Saudi Arabia
Morocco,Adam Masina,DEF,Torino,Italy
Morocco,Anass Salah-Eddine,DEF,PSV,Netherlands
Morocco,Abdelhamid Ait Boudlal,DEF,Rennes,France
Morocco,Sofyan Amrabat,DEF,Betis,Spain
Morocco,Azzedine Ounahi,MID,Girona,Spain
Morocco,Bilal El Khannouss,MID,VfB Stuttgart,Germany
Morocco,Ismael Saibari,MID,PSV Eindhoven,Netherlands
Morocco,Eliesse Ben Seghir,MID,Bayer Leverkusen,Germany
Morocco,Oussama Targhalline,MID,Feyenoord,Netherlands
Morocco,Neil El Aynaoui,MID,Roma,Italy
Morocco,Brahim Diaz,MID,Real Madrid,Spain
Morocco,Mohamed Chibi,DEF,Pyramids FC,Egypt
Morocco,Youssef En-Nesyri,FWD,Fenerbahçe,Turkey
Morocco,Ayoub El Kaabi,FWD,Olympiacos,Greece
Morocco,Abde Ezzalzouli,MID,Betis,Spain
Morocco,Soufiane Rahimi,MID,Al Ain,United Arab Emirates
Morocco,Ilias Akhomach,MID,Villarreal,Spain
Morocco,Chemsdine Talbi,MID,Sunderland,England
Netherlands,Bart Verbruggen,GK,Brighton & Hove Albion,England
Netherlands,Robin Roefs,GK,Sunderland,England
Netherlands,Mark Flekken,GK,Bayer Leverkusen,Germany
Netherlands,Lutsharel Geertruida,DEF,Sunderland,England
Netherlands,Jurrien Timber,DEF,Arsenal,England
Netherlands,Virgil van Dijk,DEF,Liverpool,England
Netherlands,Nathan Ake,DEF,Manchester City,England
Netherlands,Matthijs de Ligt,DEF,Manchester United,England
Netherlands,Micky van de Ven,DEF,Tottenham Hotspur,England
Netherlands,Jan Paul van Hecke,DEF,Brighton & Hove Albion,England
Netherlands,Denzel Dumfries,DEF,Inter Milan,Italy
Netherlands,Xavi Simons,MID,Tottenham Hotspur,England
Netherlands,Ryan Gravenberch,DEF,Liverpool,England
Netherlands,Quinten Timber,MID,Feyenoord,Netherlands
Netherlands,Tijjani Reijnders,MID,Manchester City,England
Netherlands,Jerdy Schouten,MID,PSV,Netherlands
Netherlands,Frenkie de Jong,MID,Barcelona,Spain
Netherlands,Luciano Valente,MID,Feyenoord,Netherlands
Netherlands,Kjell Scherpen,GK,Union Saint-Gilloise,Belgium
Netherlands,Nick Olij,GK,PSV,Netherlands
Netherlands,Emmanuel Emegha,FWD,Strasbourg,France
Netherlands,Memphis Depay,FWD,Corinthians,Brazil
Netherlands,Cody Gakpo,MID,Liverpool,England
Netherlands,Noa Lang,MID,Napoli,Italy
Netherlands,Donyell Malen,FWD,Aston Villa,England
Netherlands,Quilindschy Hartman,DEF,Burnley,England
New Caledonia,Rocky Nyikeine,GK,Hienghène Sport,New Caledonia
New Caledonia,Thomas Schmidt,GK,Tiga Sport,New Caledonia
New Caledonia,Warren Hlupa,GK,Vertou,New Caledonia
New Caledonia,Morgan Mathelon,DEF,Tiga Sport,New Caledonia
New Caledonia,Bernard Iwa,DEF,Lössi,New Caledonia
New Caledonia,Fonzy Ranchain,DEF,Vertou,New Caledonia
New Caledonia,Didier Simane,MID,Magenta,New Caledonia
New Caledonia,William Rokuad,DEF,Magenta,New Caledonia
New Caledonia,Henry Welepane,DEF,Tiga Sport,New Caledonia
New Caledonia,Emile Bearune,DEF,Hienghène Sport,New Caledonia
New Caledonia,Djibril Tufele,DEF,Lössi,New Caledonia
New Caledonia,Cesar Zeoula,MID,US Chauvigny,New Caledonia
New Caledonia,Shene Welepane,MID,Magenta,New Caledonia
New Caledonia,Joseph Athale,MID,Olympique Saint-Quentin,New Caledonia
New Caledonia,Jekob Jeno,MID,Unirea Slobozia,Romania
New Caledonia,Joris Kenon,MID,Cognac,New Caledonia
New Caledonia,Titouan Richard,MID,Olympique Salaise Rhodia,New Caledonia
New Caledonia,Pierre Bako,MID,Vertou,New Caledonia
New Caledonia,Yoan Bearune,MID,Horizon Patho,New Caledonia
New Caledonia,Mickael Ulile,GK,Magenta,New Caledonia
New Caledonia,Jean-Jacques Katrawa,FWD,Lucciana,New Caledonia
New Caledonia,Gerard Waia,FWD,Tiga Sport,New Caledonia
New Caledonia,Lues Waya,FWD,USSA Vertou,New Caledonia
New Caledonia,Germain Haewegene,FWD,Magenta,New Caledonia
New Caledonia,Bryan Ausu,FWD,Sud,Italy
New Caledonia,Pierre Iekawe,FWD,Tiga Sport,New Caledonia
New Zealand,Max Crocombe,GK,Millwall,England
New Zealand,Nik Tzanev,GK,Newport County,England
New Zealand,Kees Sims,GK,GAIS,Sweden
New Zealand,Michael Boxall,DEF,Minnesota United,United States
New Zealand,Bill Tuiloma,DEF,Charlotte FC,United States
New Zealand,Tyler Bindon,DEF,Sheffield United,England
New Zealand,Storm Roux,DEF,Central Coast Mariners,Australia
New Zealand,Francis de Vries,DEF,Auckland FC,New Zealand
New Zealand,Finn Surman,DEF,Portland Timbers,United States
New Zealand,James McGarry,DEF,Brisbane Roar,Australia
New Zealand,George Stanger,DEF,Kilmarnock,Scotland
New Zealand,Elijah Just,MID,Motherwell,Scotland
New Zealand,Matthew Garbett,MID,Peterborough United,England
New Zealand,Marko Stamenic,MID,Swansea City,England
New Zealand,Joe Bell,MID,Viking,Norway
New Zealand,Callum McCowatt,MID,Silkeborg,Denmark
New Zealand,Sarpreet Singh,MID,TSC,Serbia
New Zealand,Alex Rufer,DEF,Wellington Phoenix,New Zealand
New Zealand,Ben Old,MID,Saint-Étienne,France
New Zealand,Alex Paulsen,GK,Lechia Gdańsk,Poland
New Zealand,Tommy Smith,FWD,Braintree Town,New Zealand
New Zealand,Owen Parker-Price,MID,Örgryte,New Zealand
New Zealand,Kosta Barbarouses,MID,Western Sydney Wanderers,Australia
New Zealand,Ben Waine,FWD,Port Vale,England
New Zealand,Andre de Jong,FWD,Stellenbosch F.C.,New Zealand
New Zealand,Jesse Randall,FWD,Auckland FC,New Zealand
North Macedonia,Dejan Iliev,GK,UTA Arad,North Macedonia
North Macedonia,Igor Aleksovski,GK,Rabotnichki,North Macedonia
North Macedonia,Stole Dimitrievski,GK,Valencia,Spain
North Macedonia,Bojan Ilievski,DEF,Struga,North Macedonia
North Macedonia,Stefan Ashkovski,DEF,Radnički Niš,North Macedonia
North Macedonia,Nikola Serafimov,DEF,Levski Sofia,North Macedonia
North Macedonia,Gjoko Zajkov,DEF,Ajman,North Macedonia
North Macedonia,Andrej Stojchevski,DEF,Slovácko,North Macedonia
North Macedonia,Stefan Despotovski,DEF,OFK Beograd,North Macedonia
North Macedonia,Darko Velkovski,DEF,Nyíregyháza Spartacus,North Macedonia
North Macedonia,Bojan Dimoski,DEF,TSC,Serbia
North Macedonia,Damjan Shishkovski,GK,Borac Banja Luka,North Macedonia
North Macedonia,Eljif Elmas,MID,Napoli,Italy
North Macedonia,David Babunski,MID,Vardar,North Macedonia
North Macedonia,Enis Bardhi,MID,Konyaspor,Turkey
North Macedonia,Isnik Alimi,MID,Dalian Yingbo,China
North Macedonia,Tihomir Kostadinov,MID,Sigma Olomouc,North Macedonia
North Macedonia,Jani Atanasov,MID,AE Larissa,Greece
North Macedonia,Reshat Ramadani,DEF,Shkëndija,North Macedonia
North Macedonia,Luka Stankovski,MID,Radnički 1923,North Macedonia
North Macedonia,Aleksandar Trajkovski,MID,free agents,North Macedonia
North Macedonia,Darko Churlinov,MID,Kocaelispor,Turkey
North Macedonia,Elmin Rastoder,FWD,FC Thun,Switzerland
North Macedonia,Lirim Qamili,MID,Sønderjyske,Denmark
North Macedonia,Milan Ristovski,MID,Bohemians 1905,Ireland
North Macedonia,Bojan Miovski,FWD,Rangers,Scotland
Northern Ireland,Conor Hazard,GK,Plymouth Argyle,England
Northern Ireland,Luke Southwood,GK,Bristol Rovers,England
Northern Ireland,Bailey Peacock-Farrell,GK,Blackpool,England
Northern Ireland,Conor Bradley,DEF,Liverpool,England
Northern Ireland,Eoin Toal,DEF,Bolton Wanderers,England
Northern Ireland,Ryan Johnson,DEF,AFC Wimbledon,England
Northern Ireland,Terry Devlin,UTILITY PLAYER,Portsmouth,England
Northern Ireland,Ruairi McConville,DEF,Norwich City,England
Northern Ireland,Ciaron Brown,DEF,Oxford United,England
Northern Ireland,Daniel Ballard,DEF,Sunderland,England
Northern Ireland,Trai Hume,DEF,Sunderland,England
Northern Ireland,Josh Clarke,MID,Partick Thistle,Northern Ireland
Northern Ireland,Ethan Galbraith,MID,Swansea City,England
Northern Ireland,Jamie Donley,MID,Stoke City,England
Northern Ireland,Paul Smyth,MID,Queens Park Rangers,England
Northern Ireland,Isaac Price,MID,West Bromwich Albion,England
Northern Ireland,Justin Devenny,MID,Crystal Palace,England
Northern Ireland,Ross McCausland,MID,Aris Limassol,Cyprus
Northern Ireland,Jamie McDonnell,MID,Mansfield Town,England
Northern Ireland,George Saville,MID,Luton Town,England
Northern Ireland,Jamal Lewis,FWD,Preston North End,England
Northern Ireland,Paddy McNair,DEF,San Diego FC,United States
Northern Ireland,Brad Lyons,MID,Kilmarnock,Scotland
Northern Ireland,Patrick Kelly,FWD,Barnsley,England
Northern Ireland,Callum Marshall,FWD,West Ham United,England
Northern Ireland,Dion Charles,FWD,Huddersfield Town,England
Norway,Ørjan Nyland,GK,Sevilla,Spain
Norway,Sander Tangvik,GK,Rosenborg,Norway
Norway,Egil Selvik,GK,Watford,England
Norway,Kristoffer Ajer,DEF,Brentford,England
Norway,Leo Skiri Østigard,DEF,Genoa,Italy
Norway,David Møller Wolfe,DEF,Wolverhampton Wanderers,England
Norway,Julian Ryerson,DEF,Borussia Dortmund,Germany
Norway,Fredrik Andre Bjørkan,DEF,Bodø/Glimt,Norway
Norway,Marcus Holmgren Pedersen,DEF,Torino,Italy
Norway,Torbjørn Heggem,DEF,Bologna,Italy
Norway,Sondre Langas,DEF,Derby County,England
Norway,Mathias Dyngeland,GK,Brann,Norway
Norway,Morten Thorsby,DEF,Genoa,Italy
Norway,Patrick Berg,DEF,Bodø/Glimt,Norway
Norway,Sander Berge,DEF,Fulham,England
Norway,Kristian Thorstvedt,MID,Sassuolo,Italy
Norway,Kristian Arnstad,MID,AGF,Norway
Norway,Antonio Nusa,MID,RB Leipzig,Germany
Norway,Oscar Bobb,MID,Manchester City,England
Norway,Aron Dønnum,MID,Toulouse,France
Norway,Viljar Myhra,GK,OB,Denmark
Norway,Thelo Aasgaard,MID,Rangers,Scotland
Norway,Alexander Sørloth,FWD,Atlético Madrid,Spain
Norway,Erling Haaland,FWD,Manchester City,England
Norway,Andreas Schjelderup,MID,Benfica,Portugal
Norway,Jørgen Strand Larsen,FWD,Wolverhampton Wanderers,England
Panama,Luis Mejia,GK,Nacional,Panama
Panama,Cesar Samudio,GK,Marathón,Panama
Panama,Orlando Mosquera,GK,Al-Fayha,Saudi Arabia
Panama,Cesar Blackman,DEF,Slovan Bratislava,Slovakia
Panama,Ivan Anderson,DEF,Marathón,Panama
Panama,Fidel Escobar,DEF,Deportivo Saprissa,Panama
Panama,Edgardo Farina,DEF,Pari Nizhny Novgorod,Russia
Panama,Carlos Harvey,DEF,Minnesota United,United States
Panama,Eric Davis,DEF,Plaza Amador,Panama
Panama,Andres Andrade,DEF,LASK,Austria
Panama,Jorge Gutierrez,DEF,Deportivo La Guaira,Panama
Panama,Cristian Martinez,MID,Ironi Kiryat Shmona,Panama
Panama,Jose Rodriguez,MID,Juárez,Panama
Panama,Adalberto Carrasquilla,MID,UNAM,Mexico
Panama,Ismael Diaz,MID,León,Spain
Panama,Azarias Londono,FWD,Universidad Católica,Chile
Panama,Edward Cedeno,MID,Las Palmas,Spain
Panama,Alberto Quintero,MID,Plaza Amador,Panama
Panama,Anibal Godoy,DEF,San Diego FC,United States
Panama,John Gunn,MID,New England Revolution II,United States
Panama,Jiovany Ramos,DEF,Puerto Cabello,Venezuela
Panama,Omar Browne,MID,Estudiantes,Panama
Panama,Jovani Welch,MID,Millonarios F.C.,Panama
Panama,Tomas Rodriguez,FWD,Monagas,Panama
Panama,Jose Fajardo,FWD,Universidad Católica,Chile
Panama,Cecilio Waterman,MID,Universidad de Concepción,Panama
Paraguay,Roberto Fernandez,GK,Cerro Porteño,Paraguay
Paraguay,Orlando Gill,GK,San Lorenzo de Almagro,Argentina
Paraguay,Aldo Perez,GK,Guaraní,Paraguay
Paraguay,Gustavo Gomez,DEF,Palmeiras,Brazil
Paraguay,Junior Alonso,DEF,Atlético Mineiro,Brazil
Paraguay,Juan Caceres,DEF,Dynamo Moscow,Paraguay
Paraguay,Blas Riveros,DEF,Cerro Porteño,Paraguay
Paraguay,Gustavo Velazquez,DEF,Cerro Porteño,Paraguay
Paraguay,Alan Benitez,DEF,Internacional,Brazil
Paraguay,Agustin Sandez,DEF,Rosario Central,Argentina
Paraguay,Alexis Duarte,DEF,Santos,Paraguay
Paraguay,Miguel Almiron,MID,Atlanta United,United States
Paraguay,Alejandro Romero Gamarra,MID,Al Ain,United Arab Emirates
Paraguay,Ramon Sosa,MID,Palmeiras,Brazil
Paraguay,Diego Gomez,MID,Brighton & Hove Albion,England
Paraguay,Damian Bobadilla,MID,São Paulo,Brazil
Paraguay,Braian Ojeda,MID,Real Salt Lake,United States
Paraguay,Matias Galarza,MID,River Plate,Argentina
Paraguay,Diego Gonzalez,MID,Atlas,Mexico
Paraguay,Hugo Cuenca,FWD,Genoa,Italy
Paraguay,Diego Leon,FWD,Manchester United,England
Paraguay,Lucas Romero,DEF,Cruzeiro,Paraguay
Paraguay,Antonio Sanabria,FWD,Cremonese,Italy
Paraguay,Julio Enciso,FWD,Strasbourg,France
Paraguay,Alex Arce,FWD,Independiente Rivadavia,Argentina
Paraguay,Ronaldo Martinez,FWD,Platense,Argentina
Poland,Kamil Grabara,GK,VfL Wolfsburg,Germany
Poland,Bartłomiej Dragowski,GK,Panathinaikos,Greece
Poland,Łukasz Skorupski,GK,Bologna,Italy
Poland,Matty Cash,DEF,Aston Villa,England
Poland,Przemysław Wisniewski,DEF,Spezia,Italy
Poland,Tomasz Kedziora,DEF,PAOK,Greece
Poland,Jan Ziołkowski,DEF,Roma,Italy
Poland,Kryspin Szczesniak,DEF,Górnik Zabrze,Poland
Poland,Jakub Kiwior,DEF,Porto,Portugal
Poland,Paweł Wszołek,DEF,Legia Warsaw,Poland
Poland,Bartosz Bereszynski,DEF,Palermo,Italy
Poland,Mateusz Kochalski,GK,Qarabağ,Azerbaijan
Poland,Kacper Tobiasz,GK,Legia Warsaw,Poland
Poland,Piotr Zielinski,MID,Inter Milan,Italy
Poland,Kamil Grosicki,MID,Pogoń Szczecin,Poland
Poland,Jakub Kaminski,DEF,1. FC Köln,Germany
Poland,Bartosz Slisz,MID,Atlanta United,United States
Poland,Filip Rozga,MID,Sturm Graz,Austria
Poland,Nicola Zalewski,DEF,Atalanta,Italy
Poland,Kacper Kozłowski,MID,Gaziantep,Turkey
Poland,Bartosz Mrozek,GK,Lech Poznań,Poland
Poland,Bartosz Kapustka,MID,Legia Warsaw,Poland
Poland,Michał Skoras,DEF,Gent,Poland
Poland,Karol Swiderski,FWD,Panathinaikos,Greece
Poland,Robert Lewandowski,FWD,Barcelona,Spain
Poland,Adam Buksa,FWD,Udinese,Italy
Portugal,Diogo Costa,GK,Porto,Portugal
Portugal,Jose Sa,GK,Wolverhampton Wanderers,England
Portugal,Rui Silva,GK,Sporting CP,Portugal
Portugal,Nelson Semedo,DEF,Fenerbahçe,Turkey
Portugal,Ruben Dias,DEF,Manchester City,England
Portugal,Antonio Silva,DEF,Benfica,Portugal
Portugal,Renato Veiga,DEF,Villarreal,Spain
Portugal,Goncalo Inacio,DEF,Sporting CP,Portugal
Portugal,Joao Cancelo,DEF,Al Hilal,Saudi Arabia
Portugal,Nuno Mendes,DEF,Paris Saint-Germain,France
Portugal,Nuno Tavares,DEF,Lazio,Italy
Portugal,Joao Palhinha,DEF,Tottenham Hotspur,England
Portugal,Bruno Fernandes,MID,Manchester United,England
Portugal,Bernardo Silva,MID,Manchester City,England
Portugal,Joao Neves,MID,Paris Saint-Germain,France
Portugal,Matheus Nunes,DEF,Manchester City,England
Portugal,Ruben Neves,DEF,Al-Hilal,Saudi Arabia
Portugal,Vitinha,MID,Paris Saint-Germain,France
Portugal,Rafael Leao,MID,AC Milan,Italy
Portugal,Joao Carvalho,MID,Estoril,Portugal
Portugal,Diogo Dalot,DEF,Manchester United,England
Portugal,Cristiano Ronaldo,FWD,Al-Nassr,
Portugal,Goncalo Ramos,FWD,Paris Saint-Germain,France
Portugal,Joao Felix,MID,Al-Nassr,Saudi Arabia
Portugal,Francisco Trincao,MID,Sporting CP,Portugal
Portugal,Francisco Conceicao,MID,Juventus,Italy
Qatar,Shehab Ellethy,GK,Al Shahaniya,Qatar
Qatar,Meshaal Barsham,GK,Al Sadd,Qatar
Qatar,Marwan Badreldin,GK,Al Ahli,Saudi Arabia
Qatar,Issa Laye,DEF,Al-Arabi,Qatar
Qatar,Lucas Mendes,DEF,Al-Wakrah,Qatar
Qatar,Tarek Salman,DEF,Al Sadd,Qatar
Qatar,Ayoub Al-Oui,DEF,Al-Gharafa,Qatar
Qatar,Homam Ahmed,DEF,Al-Duhail,Qatar
Qatar,Yousef Aymen,DEF,Al Duhail,Qatar
Qatar,Al-Hashmi Al-Hussain,DEF,Al-Arabi,Qatar
Qatar,Sultan Al-Brake,DEF,Al-Duhail,Qatar
Qatar,Mahmud Abunada,GK,Al-Rayyan,Qatar
Qatar,Mohammed Waad,MID,Al-Sadd,Qatar
Qatar,Abdulaziz Hatem,MID,Al Rayyan,Qatar
Qatar,Jassem Gaber,DEF,Al-Rayyan,Qatar
Qatar,Khalid Ali Sabah,MID,Al-Sailiya,Qatar
Qatar,Mohamed Al-Mannai,MID,Al-Shamal,Qatar
Qatar,Ahmed Fathy,DEF,Al-Arabi,Qatar
Qatar,Assim Madibo,MID,Al-Wakrah,Qatar
Qatar,Salah Zakaria,GK,Al-Duhail,Qatar
Qatar,Saad Al-Sheeb,GK,Al Sadd,Qatar
Qatar,Ahmed Alaaeldin,FWD,Al-Rayyan,Qatar
Qatar,Mohammed Muntari,FWD,Al-Gharafa,Qatar
Qatar,Akram Afif,MID,Al Sadd,Qatar
Qatar,Edmilson Junior,MID,Al Duhail,Qatar
Qatar,Mohamed Khaled Gouda,MID,Al-Arabi,Qatar
Romania,Ionut Radu,GK,Celta Vigo,Spain
Romania,Stefan Tarnovanu,GK,FCSB,Romania
Romania,Razvan Sava,GK,Udinese,Italy
Romania,Andrei Ratiu,DEF,Rayo Vallecano,Spain
Romania,Bogdan Racovitan,DEF,Raków Częstochowa,Poland
Romania,Adrian Rus,DEF,Universitatea Craiova,Romania
Romania,Virgil Ghita,DEF,Hannover 96,Germany
Romania,Vladimir Screciu,DEF,Universitatea Craiova,Romania
Romania,Alexandru Chipciu,DEF,Universitatea Cluj,Romania
Romania,Nicusor Bancu,DEF,Universitatea Craiova,Romania
Romania,Deian Sorescu,DEF,Gaziantep,Turkey
Romania,Marian Aioani,GK,Rapid București,Romania
Romania,Stefan Baiaram,MID,Universitatea Craiova,Romania
Romania,Ianis Hagi,MID,Alanyaspor,Turkey
Romania,Darius Olaru,MID,FCSB,Romania
Romania,Razvan Marin,MID,AEK Athens,Greece
Romania,Florin Tanase,MID,FCSB,Romania
Romania,Dennis Man,MID,PSV,Netherlands
Romania,Claudiu Petrila,MID,Rapid București,Romania
Romania,Marius Marin,MID,Pisa,Italy
Romania,Lisav Eissat,DEF,Maccabi Haifa,Israel
Romania,David Miculescu,MID,FCSB,Romania
Romania,Vlad Dragomir,MID,Pafos,Cyprus
Romania,Valentin Mihaila,MID,Çaykur Rizespor,Turkey
Romania,Daniel Birligea,FWD,FCSB,Romania
Romania,Louis Munteanu,FWD,CFR Cluj,Romania
Saudi Arabia,Nawaf Al-Aqidi,GK,Al-Nassr,Saudi Arabia
Saudi Arabia,Abdulrahman Al-Sanbi,GK,Al-Ahli,Saudi Arabia
Saudi Arabia,Raghed Al-Najjar,GK,Al-Nassr,Saudi Arabia
Saudi Arabia,Ali Majrashi,DEF,Al-Ahli,Saudi Arabia
Saudi Arabia,Jehad Thakri,DEF,Al-Qadsiah,Saudi Arabia
Saudi Arabia,Abdulelah Al-Amri,DEF,Al-Nassr,Saudi Arabia
Saudi Arabia,Hassan Al-Tambakti,DEF,Al-Hilal,Saudi Arabia
Saudi Arabia,Mohammed Abu Al-Shamat,DEF,Al-Qadsiah,Saudi Arabia
Saudi Arabia,Nawaf Boushal,DEF,Al-Nassr,Saudi Arabia
Saudi Arabia,Waleed Al-Ahmed,DEF,Al-Taawoun,Saudi Arabia
Saudi Arabia,Mohammed Sulaiman,DEF,Mizuno Track Club International,Saudi Arabia
Saudi Arabia,Nasser Al-Dawsari,DEF,Al Hilal,Saudi Arabia
Saudi Arabia,Musab Al-Juwayr,MID,Al-Qadsiah,Saudi Arabia
Saudi Arabia,Ayman Yahya,DEF,Al-Nassr,Saudi Arabia
Saudi Arabia,Salem Al-Dawsari,MID,Al Hilal,Saudi Arabia
Saudi Arabia,Abdullah Al-Khaibari,DEF,Al-Nassr,Saudi Arabia
Saudi Arabia,Murad Hawsawi,MID,Al-Khaleej,Saudi Arabia
Saudi Arabia,Saleh Abu Al-Shamat,MID,Al-Ahli,Saudi Arabia
Saudi Arabia,Mohamed Kanno,MID,Al Hilal,Saudi Arabia
Saudi Arabia,Mohammed Al-Rubaie,GK,Al-Hilal,Saudi Arabia
Saudi Arabia,Osama Al-Marmash,GK,Al-Ittihad,Saudi Arabia
Saudi Arabia,Ahmed Al-Kassar,GK,Al-Qadsiah,Saudi Arabia
Saudi Arabia,Abdulrahman Al-Aboud,MID,Al-Ittihad,Saudi Arabia
Saudi Arabia,Firas Al-Buraikan,FWD,Al-Ahli,Saudi Arabia
Saudi Arabia,Saleh Al-Shehri,FWD,Al-Ittihad,Saudi Arabia
Saudi Arabia,Abdullah Al-Hamdan,FWD,Al-Hilal,Saudi Arabia
Scotland,Craig Gordon,GK,Heart of Midlothian,Scotland
Scotland,Angus Gunn,GK,Nottingham Forest,England
Scotland,Zander Clark,GK,Heart of Midlothian,Scotland
Scotland,Aaron Hickey,DEF,Brentford,England
Scotland,Grant Hanley,DEF,Hibernian,Scotland
Scotland,Kieran Tierney,DEF,Celtic,Scotland
Scotland,Jack Hendry,DEF,Al-Ettifaq,Saudi Arabia
Scotland,John Souttar,DEF,Rangers,Scotland
Scotland,Scott McKenna,DEF,Dinamo Zagreb,Croatia
Scotland,Anthony Ralston,DEF,Celtic,Scotland
Scotland,Josh Doig,DEF,Sassuolo,Italy
Scotland,Liam Kelly,MID,Rangers,Scotland
Scotland,Scott Bain,GK,Falkirk,Scotland
Scotland,Scott McTominay,MID,Napoli,Italy
Scotland,John McGinn,MID,Aston Villa,England
Scotland,Andy Irving,MID,West Ham United,England
Scotland,Ryan Christie,MID,Bournemouth,England
Scotland,Connor Barron,MID,Rangers,Scotland
Scotland,Ben Gannon-Doak,MID,Bournemouth,England
Scotland,Lewis Ferguson,MID,Bologna,Italy
Scotland,Andy Robertson,DEF,Liverpool,England
Scotland,Kenny McLean,MID,Norwich City,England
Scotland,Lyndon Dykes,FWD,Birmingham City,England
Scotland,Che Adams,FWD,Torino,Italy
Scotland,George Hirst,FWD,Ipswich Town,England
Scotland,Lawrence Shankland,FWD,Heart of Midlothian,Scotland
Senegal,Edouard Mendy,GK,Al-Ahli,Saudi Arabia
Senegal,Mory Diaw,GK,Le Havre,France
Senegal,Yehvann Diouf,GK,Nice,France
Senegal,Kalidou Koulibaly,DEF,Al-Hilal,Saudi Arabia
Senegal,Krepin Diatta,MID,Monaco,Monaco
Senegal,Ismail Jakobs,DEF,Galatasaray,Turkey
Senegal,Moussa Niakhate,DEF,Lyon,France
Senegal,Abdoulaye Seck,DEF,Maccabi Haifa,Israel
Senegal,El Hadji Malick Diouf,DEF,West Ham United,England
Senegal,Antoine Mendy,DEF,Nice,France
Senegal,Mamadou Sarr,DEF,Strasbourg,France
Senegal,Idrissa Gueye,DEF,Everton,England
Senegal,Pape Matar Sarr,MID,Tottenham Hotspur,England
Senegal,Pape Gueye,DEF,Villarreal,Spain
Senegal,Lamine Camara,MID,Monaco,Monaco
Senegal,Pathe Ciss,MID,Rayo Vallecano,Spain
Senegal,Habib Diarra,MID,Sunderland,England
Senegal,Mamadou Camara,MID,Nahdat Berkane,Senegal
Senegal,Ousseynou Niang,MID,Union SG,Senegal
Senegal,Sadio Mane,MID,Al-Nassr,Saudi Arabia
Senegal,Ismaila Sarr,MID,Crystal Palace,England
Senegal,Habib Diallo,FWD,Metz,France
Senegal,Boulaye Dia,FWD,Lazio,Italy
Senegal,Iliman Ndiaye,MID,Everton,England
Senegal,Nicolas Jackson,FWD,Bayern Munich,Germany
Senegal,Cherif Ndiaye,FWD,Samsunspor,Turkey
Slovakia,Martin Dubravka,GK,Burnley,England
Slovakia,Marek Rodak,GK,Al-Ettifaq,Saudi Arabia
Slovakia,Dominik Takac,GK,Slovan Bratislava,Slovakia
Slovakia,Peter Pekarik,DEF,Hertha BSC II,Germany
Slovakia,Denis Vavro,DEF,Wolfsburg,Germany
Slovakia,Adam Obert,DEF,Cagliari,Italy
Slovakia,Lubomir Satka,DEF,Samsunspor,Turkey
Slovakia,Norbert Gyomber,DEF,Al-Kholood,Saudi Arabia
Slovakia,Milan Skriniar,DEF,Fenerbahçe,Turkey
Slovakia,David Hancko,DEF,Atlético Madrid,Spain
Slovakia,Ivan Mesik,DEF,Heracles Almelo,Netherlands
Slovakia,Ondrej Duda,MID,Al-Ettifaq,Saudi Arabia
Slovakia,Laszlo Benes,MID,Kayserispor,Turkey
Slovakia,Patrik Hrosovsky,MID,Genk,Belgium
Slovakia,Tomas Rigo,MID,Stoke City,England
Slovakia,Matus Bero,MID,VfL Bochum,Germany
Slovakia,Stanislav Lobotka,DEF,Napoli,Italy
Slovakia,Mario Sauer,MID,Toulouse,France
Slovakia,Leo Sauer,MID,Feyenoord,Netherlands
Slovakia,Robert Bozenik,FWD,Stoke City,England
Slovakia,Tomas Bobcek,FWD,Lechia Gdańsk,Poland
Slovakia,David Strelec,FWD,Middlesbrough,England
Slovakia,Lukas Haraslin,MID,Sparta Prague,Czechia
Slovakia,Ivan Schranz,MID,Slavia Prague,Czechia
Slovakia,David Duris,FWD,Rosenborg,Norway
Slovakia,Adrian Kapralik,FWD,Holstein Kiel,Germany
South Africa,Ronwen Williams,GK,Mamelodi Sundowns,South Africa
South Africa,Ricardo Goss,GK,SuperSport United,South Africa
South Africa,Sipho Chaine,GK,Orlando Pirates,South Africa
South Africa,Aubrey Modiba,DEF,Mamelodi Sundowns,South Africa
South Africa,Khuliso Mudau,DEF,Mamelodi Sundowns F.C,South Africa
South Africa,Nkosinathi Sibisi,DEF,Orlando Pirates,South Africa
South Africa,Siyabonga Ngezana,DEF,FCSB,Romania
South Africa,Mbekezeli Mbokazi,DEF,Chicago Fire,United States
South Africa,Khulumani Ndamane,DEF,TS Galaxy,South Africa
South Africa,Samukele Kabini,DEF,Molde,Norway
South Africa,Thabang Matuludi,DEF,Polokwane City,South Africa
South Africa,Teboho Mokoena,MID,Mamelodi Sundowns,South Africa
South Africa,Sphephelo Sithole,MID,Tondela,Portugal
South Africa,Bathusi Aubaas,MID,Mamelodi Sundowns,South Africa
South Africa,Thalente Mbatha,MID,Orlando Pirates,South Africa
South Africa,Sipho Mbule,MID,Orlando Pirates,South Africa
South Africa,Lyle Foster,FWD,Burnley,England
South Africa,Shandre Campbell,MID,Club Brugge,Belgium
South Africa,Renaldo Leaner,GK,Sekhukhune United,South Africa
South Africa,Tylon Smith,DEF,Queens Park Rangers F.C.,England
South Africa,Evidence Makgopa,FWD,Orlando Pirates,South Africa
South Africa,Oswin Appollis,MID,Orlando Pirates,South Africa
South Africa,Elias Mokwana,MID,Al Hazem,Saudi Arabia
South Africa,Relebohile Mofokeng,MID,Orlando Pirates,South Africa
South Africa,Mohau Nkota,MID,Al-Ettifaq,Saudi Arabia
South Africa,Tshepang Moremi,MID,Orlando Pirates,South Africa
South Korea,Kim Seung-gyu,GK,FC Tokyo,South Korea
South Korea,Song Bum-keun,GK,Jeonbuk Hyundai Motors,South Korea
South Korea,Jo Hyeon-woo,GK,Ulsan HD,South Korea
South Korea,Lee Myung-jae,DEF,Daejeon Hana Citizen,South Korea
South Korea,Lee Han-beom,DEF,Midtjylland,Denmark
South Korea,Kim Min-jae,DEF,Bayern Munich,Germany
South Korea,Lee Tae-seok,DEF,Austria Wien,Austria
South Korea,Cho Yu-min,DEF,Sharjah,United Arab Emirates
South Korea,Kim Moon-hwan,DEF,Daejeon Hana Citizen,South Korea
South Korea,Park Jin-seob,DEF,Jeonbuk Hyundai Motors,South Korea
South Korea,Seol Young-woo,DEF,Red Star Belgrade,France
South Korea,Won Du-jae,DEF,Khor Fakkan,South Korea
South Korea,Seo Min-woo,MID,Gangwon FC,South Korea
South Korea,Lee Jae-sung,MID,Mainz 05,Germany
South Korea,Hwang Hee-chan,FWD,Wolverhampton Wanderers,England
South Korea,Eom Ji-sung,MID,Swansea City,England
South Korea,Lee Kang-in,MID,Paris Saint-Germain,France
South Korea,Bae Jun-ho,MID,Stoke City,England
South Korea,Jens Castrop,MID,Borussia Mönchengladbach,Germany
South Korea,Kim Tae-hyeon,DEF,Kashima Antlers,Japan
South Korea,Kim Jin-gyu,FWD,Jeonbuk Hyundai Motors,South Korea
South Korea,Kwon Hyeok-kyu,DEF,Nantes,France
South Korea,Yang Min-hyeok,MID,Portsmouth,England
South Korea,Son Heung-min,FWD,Los Angeles FC,United States
South Korea,Cho Gue-sung,FWD,Midtjylland,Denmark
South Korea,Oh Hyeon-gyu,FWD,Genk,Belgium
Spain,David Raya,GK,Arsenal,England
Spain,Alex Remiro,GK,Real Sociedad,Spain
Spain,Unai Simon,GK,Athletic Bilbao,Spain
Spain,Dani Vivian,DEF,Athletic Bilbao,Spain
Spain,Marcos Llorente,DEF,Atlético Madrid,Spain
Spain,Pedro Porro,DEF,Tottenham Hotspur,England
Spain,Aymeric Laporte,DEF,Athletic Bilbao,Spain
Spain,Pau Cubarsi,DEF,Barcelona,Spain
Spain,Marc Cucurella,DEF,Chelsea,England
Spain,Alex Grimaldo,DEF,Bayer Leverkusen,Germany
Spain,Dean Huijsen,DEF,Real Madrid,Spain
Spain,Pablo Barrios,MID,Atlético Madrid,Spain
Spain,Mikel Merino,MID,Arsenal,England
Spain,Fabian Ruiz,MID,Paris Saint-Germain,France
Spain,Alex Baena,MID,Atlético Madrid,Spain
Spain,Pedri,MID,Barcelona,Spain
Spain,Martin Zubimendi,DEF,Arsenal,England
Spain,Aleix Garcia,MID,Bayer Leverkusen,Germany
Spain,Samu Aghehowa,FWD,Porto,Portugal
Spain,Ferran Torres,MID,Barcelona,Spain
Spain,Nico Williams,MID,Athletic Bilbao,Spain
Spain,Dani Olmo,MID,Barcelona,Spain
Spain,Yeremy Pino,MID,Crystal Palace,England
Spain,Fermin Lopez,MID,Barcelona,Spain
Spain,Mikel Oyarzabal,MID,Real Sociedad,Spain
Spain,Lamine Yamal,MID,Barcelona,Spain
Suriname,Warner Hahn,GK,Hammarby IF,Sweden
Suriname,Jonathan Fonkel,GK,Robinhood,Suriname
Suriname,Etienne Vaessen,GK,Groningen,Netherlands
Suriname,Anfernee Dijksteel,DEF,Kocaelispor,Turkey
Suriname,Radinio Balker,DEF,Huddersfield Town,England
Suriname,Stefano Denswil,DEF,Kayserispor,Turkey
Suriname,Ridgeciano Haps,DEF,Venezia,Italy
Suriname,Myenty Abena,DEF,Gaziantep,Turkey
Suriname,Djevencio van der Kust,DEF,Heracles Almelo,Netherlands
Suriname,Shaquille Pinas,DEF,Al-Kholood,Saudi Arabia
Suriname,Dion Malone,DEF,Telstar,Netherlands
Suriname,Dhoraso Klas,MID,Iberia 1999,Georgia
Suriname,Justin Lonwijk,MID,Fortuna Sittard,Netherlands
Suriname,Denzel Jubitana,MID,Atromitos,Greece
Suriname,Jean-Paul Boetius,MID,Darmstadt 98,Germany
Suriname,Tjaronn Chery,MID,NEC,Netherlands
Suriname,Kenneth Paal,DEF,Antalyaspor,Turkey
Suriname,Sheraldo Becker,FWD,Osasuna,Spain
Suriname,Jahnilo Wiegel,MID,KFC Houtvenne,Suriname
Suriname,Djavan Anderson,DEF,Al-Ittifaq,Suriname
Suriname,Virgil Misidjan,MID,NEC Nijmegen,Netherlands
Suriname,Richonell Margaret,FWD,Go Ahead Eagles,Netherlands
Suriname,Jaden Montnor,FWD,Aris Limassol,Cyprus
Suriname,Gleofilo Vlijter,FWD,Újpest,Suriname
Suriname,Jay-Roy Grot,MID,OB,Denmark
Suriname,Jahnoah Markelo,MID,Zürich,Switzerland
Sweden,Noel Tornqvist,GK,Como,Sweden
Sweden,Viktor Johansson,GK,Stoke City,England
Sweden,Oliver Dovin,GK,Coventry City,England
Sweden,Gustaf Lagerbielke,DEF,Braga,Portugal
Sweden,Victor Lindelof,DEF,Aston Villa,England
Sweden,Isak Hien,DEF,Atalanta,Italy
Sweden,Gabriel Gudmundsson,DEF,Leeds United,England
Sweden,Herman Johansson,MID,Mjällby AIF,Sweden
Sweden,Daniel Svensson,DEF,Borussia Dortmund,Germany
Sweden,Carl Starfelt,DEF,Celta,Spain
Sweden,Emil Krafth,DEF,Newcastle United,England
Sweden,Jacob Widell Zetterstrom,GK,Derby County,England
Sweden,Kristoffer Nordfeldt,GK,AIK,Sweden
Sweden,Emil Forsberg,MID,New York Red Bulls,United States
Sweden,Gustav Lundgren,MID,GAIS,Sweden
Sweden,Jesper Karlstrom,MID,Udinese,Italy
Sweden,Yasin Ayari,MID,Brighton & Hove Albion,England
Sweden,Mattias Svanberg,MID,VfL Wolfsburg,Germany
Sweden,Besfort Zeneli,MID,IF Elfsborg,Sweden
Sweden,Alexander Isak,FWD,Liverpool,England
Sweden,Roony Bardghji,MID,Barcelona,Spain
Sweden,Robin Olsen RET,GK,Malmö FF,Sweden
Sweden,Ken Sema,DEF,Pafos,Cyprus
Sweden,Benjamin Nygren,MID,Celtic,Scotland
Sweden,Isac Lidberg,FWD,Darmstadt 98,Germany
Sweden,Alexander Bernhardsson,FWD,Holstein Kiel,Germany
Switzerland,Gregor Kobel,GK,Borussia Dortmund,Germany
Switzerland,Yvon Mvogo,GK,Lorient,France
Switzerland,Marvin Keller,GK,Young Boys,Switzerland
Switzerland,Miro Muheim,MID,Hamburger SV,Germany
Switzerland,Nico Elvedi,DEF,Borussia Mönchengladbach,Germany
Switzerland,Manuel Akanji,DEF,Inter Milan,Italy
Switzerland,Becir Omeragic,DEF,Montpellier,France
Switzerland,Aurele Amenda,DEF,Eintracht Frankfurt,Germany
Switzerland,Adrian Bajrami,DEF,Luzern,Switzerland
Switzerland,Isaac Schmidt,DEF,Werder Bremen,Germany
Switzerland,Luca Jaquez,DEF,VfB Stuttgart,Germany
Switzerland,Simon Sohm,DEF,Fiorentina,Italy
Switzerland,Johan Manzambi,MID,SC Freiburg,Germany
Switzerland,Granit Xhaka,DEF,Sunderland,England
Switzerland,Djibril Sow,DEF,Sevilla,Spain
Switzerland,Christian Fassnacht,MID,Young Boys,Switzerland
Switzerland,Michel Aebischer,DEF,Pisa,Italy
Switzerland,Fabian Rieder,MID,FC Augsburg,Germany
Switzerland,Vincent Sierro,MID,Al-Shabab,Saudi Arabia
Switzerland,Silvan Widmer,DEF,Mainz 05,Germany
Switzerland,Ricardo Rodriguez,FWD,Betis,Spain
Switzerland,Breel Embolo,FWD,Rennes,France
Switzerland,Dan Ndoye,MID,Nottingham Forest,England
Switzerland,Andi Zeqiri,FWD,Widzew Łódź,Poland
Switzerland,Ruben Vargas,MID,Sevilla,Spain
Switzerland,Cedric Itten,FWD,Fortuna Düsseldorf,Germany
Tunisia,Noureddine Farhati,GK,Stade Tunisien,Tunisia
Tunisia,Aymen Dahmen,GK,CS Sfaxien,Tunisia
Tunisia,Bechir Ben Said,GK,Espérance de Tunis,Tunisia
Tunisia,Ali Abdi,DEF,Nice,France
Tunisia,Montassar Talbi,DEF,Lorient,France
Tunisia,Yassine Meriah,DEF,Espérance de Tunis,Tunisia
Tunisia,Dylan Bronn,DEF,Servette,Switzerland
Tunisia,Ali Maaloul,DEF,CS Sfaxien,Tunisia
Tunisia,Adem Arous,DEF,Kasimpaşa,Turkey
Tunisia,Yan Valery,DEF,Sheffield Wednesday,England
Tunisia,Mortadha Ben Ouanes,DEF,Kasımpaşa,Turkey
Tunisia,Sabri Ben Hessen,GK,Étoile du Sahel,Tunisia
Tunisia,Mohamed Ali Ben Romdhane,MID,Al Ahly,Egypt
Tunisia,Hannibal Mejbri,MID,Burnley,England
Tunisia,Ismael Gharbi,MID,FC Augsburg,Germany
Tunisia,Ferjani Sassi,MID,Al-Gharafa,Qatar
Tunisia,Ellyes Skhiri,DEF,Eintracht Frankfurt,Germany
Tunisia,Hadj Mahmoud,DEF,Lugano,Switzerland
Tunisia,Houssem Tka,MID,Espérance de Tunis,Tunisia
Tunisia,Mohamed Ben Ali,DEF,Espérance de Tunis,Tunisia
Tunisia,Nader Ghandri,DEF,Akhmat Grozny,Tunisia
Tunisia,Elias Achouri,MID,Copenhagen,Denmark
Tunisia,Elias Saad,MID,FC Augsburg,Germany
Tunisia,Hazem Mastouri,FWD,Dynamo Makhachkala,Tunisia
Tunisia,Firas Chaouat,FWD,Club Africain,Tunisia
Tunisia,Sebastian Tounekti,MID,Celtic,Scotland
Turkey,Altay Bayındır,GK,Manchester United,England
Turkey,Ugurcan Cakır,GK,Galatasaray,Turkey
Turkey,Berke Ozer,GK,Lille,France
Turkey,Zeki Celik,DEF,Roma,Italy
Turkey,Merih Demiral,DEF,Al-Ahli,Saudi Arabia
Turkey,Caglar Soyuncu,DEF,Fenerbahçe,Turkey
Turkey,Yusuf Akcicek,DEF,Al-Hilal,Saudi Arabia
Turkey,Mert Muldur,DEF,Fenerbahçe,Turkey
Turkey,Ferdi Kadıoglu,DEF,Brighton & Hove Albion,England
Turkey,Mustafa Eskihellac,MID,Trabzonspor,Turkey
Turkey,Emirhan Topcu,DEF,Beşiktaş,Turkey
Turkey,Mert Gunok,GK,Beşiktaş,Turkey
Turkey,Muhammed Sengezer,GK,İstanbul Başakşehir,Turkey
Turkey,Salih Ozcan,DEF,Borussia Dortmund,Germany
Turkey,Orkun Kokcu,MID,Beşiktaş,Turkey
Turkey,Isak Vural,MID,Pisa,Italy
Turkey,Atakan Karazor,DEF,VfB Stuttgart,Germany
Turkey,Barıs Alper Yılmaz,MID,Galatasaray,Turkey
Turkey,Arda Guler,MID,Real Madrid,Spain
Turkey,Kenan Yıldız,MID,Juventus,Italy
Turkey,Samet Akaydin,DEF,Çaykur Rizespor,Turkey
Turkey,Yusuf Sarı,MID,İstanbul Başakşehir,Turkey
Turkey,Ahmed Kutucu,FWD,Galatasaray,Turkey
Turkey,Irfan Kahveci,MID,Fenerbahçe,Turkey
Turkey,Oguz Aydın,MID,Fenerbahçe,Turkey
Turkey,Deniz Gul,FWD,Porto,Portugal
Ukraine,Dmytro Riznyk,GK,Shakhtar Donetsk,Ukraine
Ukraine,Ruslan Neshcheret,GK,Dynamo Kyiv,Ukraine
Ukraine,Andriy Lunin,GK,Real Madrid,Spain
Ukraine,Yukhym Konoplya,DEF,Shakhtar Donetsk,Ukraine
Ukraine,Bohdan Mykhaylichenko,DEF,Polissya Zhytomyr,Ukraine
Ukraine,Oleksandr Svatok,DEF,Austin FC,United States
Ukraine,Valeriy Bondar,DEF,Shakhtar Donetsk,Ukraine
Ukraine,Illia Zabarnyi,DEF,Paris Saint-Germain,France
Ukraine,Taras Mykhavko,DEF,Dynamo Kyiv,Ukraine
Ukraine,Vitaliy Mykolenko,DEF,Everton,England
Ukraine,Oleksandr Karavayev,MID,Dynamo Kyiv,Ukraine
Ukraine,Yevhen Volynets,GK,Polissya Zhytomyr,Ukraine
Ukraine,Anatoliy Trubin,GK,Benfica,Portugal
Ukraine,Ivan Kalyuzhnyi,MID,Oleksandriya,Ukraine
Ukraine,Ruslan Malinovskyi,MID,Genoa,Italy
Ukraine,Mykola Shaparenko,MID,Dynamo Kyiv,Ukraine
Ukraine,Oleksiy Hutsulyak,MID,Polissya Zhytomyr,Ukraine
Ukraine,Viktor Tsyhankov,MID,Girona,Spain
Ukraine,Nazar Voloshyn,MID,Dynamo Kyiv,Ukraine
Ukraine,Oleksandr Zubkov,MID,Trabzonspor,Turkey
Ukraine,Heorhiy Bushchan,GK,Polissya Zhytomyr,Ukraine
Ukraine,Mykola Matviyenko,DEF,Shakhtar Donetsk,Ukraine
Ukraine,Yehor Nazaryna,MID,Shakhtar Donetsk,Ukraine
Ukraine,Yehor Yarmolyuk,MID,Brentford,England
Ukraine,Vladyslav Vanat,FWD,Girona,Spain
Ukraine,Roman Yaremchuk,FWD,Olympiacos,Greece
United States,Matt Turner,GK,New England Revolution,United States
United States,Matt Freese,GK,New York City FC,United States
United States,Patrick Schulte,GK,Columbus Crew,United States
United States,Sergino Dest,DEF,PSV,Netherlands
United States,Antonee Robinson,DEF,Fulham,England
United States,Chris Richards,DEF,Crystal Palace,England
United States,John Tolkin,DEF,Holstein Kiel,Germany
United States,Joe Scally,DEF,Borussia Mönchengladbach,Germany
United States,Miles Robinson,DEF,FC Cincinnati,United States
United States,Auston Trusty,DEF,Celtic,Scotland
United States,Mark McKenzie,DEF,Toulouse FC,France
United States,Tyler Adams,MID,Bournemouth,England
United States,Yunus Musah,MID,Atalanta,Italy
United States,Weston McKennie,MID,Juventus,Italy
United States,Cristian Roldan,MID,Seattle Sounders FC,United States
United States,Giovanni Reyna,MID,Borussia Mönchengladbach,Germany
United States,Tanner Tessmann,MID,Lyon,France
United States,Aidan Morris,MID,Middlesbrough,England
United States,Brenden Aaronson,MID,Leeds United,Germany
United States,Tim Ream,DEF,Charlotte FC,United States
United States,Christian Pulisic,MID,AC Milan,Italy
United States,Tim Weah,DEF,Marseille,France
United States,Ricardo Pepi,FWD,PSV,Netherlands
United States,Diego Luna,FWD,Real Salt Lake,United States
United States,Haji Wright,MID,Coventry City,England
United States,Folarin Balogun,FWD,Monaco,Monaco
Uruguay,Cristopher Fiermarin,GK,Deportes Tolima,Uruguay
Uruguay,Kevin Martinez,GK,Danubio,Uruguay
Uruguay,Santiago Mele,GK,Monterrey,Mexico
Uruguay,Jose Maria Gimenez,DEF,Atlético Madrid,Spain
Uruguay,Santiago Bueno,DEF,Wolverhampton Wanderers,England
Uruguay,Ronald Araujo,DEF,Barcelona,Spain
Uruguay,Guillermo Varela,DEF,Flamengo,Brazil
Uruguay,Mathias Olivera,DEF,Napoli,Italy
Uruguay,Matias Vina,DEF,Flamengo,Brazil
Uruguay,Joaquin Piquerez,DEF,Palmeiras,Brazil
Uruguay,Jose Luis Rodriguez,DEF,Vasco da Gama,Brazil
Uruguay,Manuel Ugarte,MID,Manchester United,England
Uruguay,Rodrigo Bentancur,MID,Tottenham Hotspur,England
Uruguay,Nahitan Nandez,DEF,Al-Qadsiah,Saudi Arabia
Uruguay,Giorgian de Arrascaeta,MID,Flamengo,Brazil
Uruguay,Rodrigo Zalazar,MID,Braga,Portugal
Uruguay,Emiliano Martinez,GK,Aston Villa,Brazil
Uruguay,Maximiliano Araujo,DEF,Sporting CP,Portugal
Uruguay,Juan Manuel Sanabria,DEF,Atlético San Luis,Uruguay
Uruguay,Sebastian Caceres,DEF,América,Colombia
Uruguay,Santiago Homenchenko,DEF,Querétaro,Uruguay
Uruguay,Rodrigo Aguirre,FWD,América,Colombia
Uruguay,Darwin Nuñez,FWD,Al-Hilal, Saudi Arabia
Uruguay,Brian Rodriguez,MID,América,Colombia
Uruguay,Luciano Rodriguez,FWD,Neom,Saudi Arabia
Uruguay,Facundo Torres,MID,Palmeiras,Brazil
Uzbekistan,Vladimir Nazarov,GK,Pakhtakor,Uzbekistan
Uzbekistan,Abduvohid Nematov,GK,Nasaf,Uzbekistan
Uzbekistan,Botirali Ergashev,GK,FC Neftchi Fergana,Uzbekistan
Uzbekistan,Abdukodir Khusanov,DEF,Manchester City,England
Uzbekistan,Khojiakbar Alijonov,DEF,Pakhtakor,Uzbekistan
Uzbekistan,Farrukh Sayfiev,DEF,Neftchi Fergana,Uzbekistan
Uzbekistan,Rustam Ashurmatov,DEF,Esteghlal,Iran
Uzbekistan,Sherzod Nasrullaev,DEF,Nasaf,Uzbekistan
Uzbekistan,Umar Eshmurodov,DEF,Nasaf,Uzbekistan
Uzbekistan,Abdulla Abdullaev,DEF,Dibba,United Arab Emirates
Uzbekistan,Husniddin Aliqulov,DEF,Çaykur Rizespor,Turkey
Uzbekistan,Akmal Mozgovoy,MID,Baniyas,Uzbekistan
Uzbekistan,Otabek Shukurov,MID,Baniyas,Uzbekistan
Uzbekistan,Jamshid Iskanderov,MID,Neftchi Fergana,Uzbekistan
Uzbekistan,Odiljon Hamrobekov,MID,Tractor S.C.,Iran
Uzbekistan,Azizjon Ganiev,MID,Al Bataeh,United Arab Emirates
Uzbekistan,Oston Urunov,MID,Persepolis,Iran
Uzbekistan,Dostonbek Khamdamov,MID,Pakhtakor,Uzbekistan
Uzbekistan,Mukhammadkodir Khamraliev,DEF,Pakhtakor,Uzbekistan
Uzbekistan,Azizbek Turgunboev,MID,Pakhtakor,Uzbekistan
Uzbekistan,Khojimat Erkinov,MID,Pakhtakor,Uzbekistan
Uzbekistan,Ruslanbek Jiyanov,FWD,Navbahor,Uzbekistan
Uzbekistan,Sardorbek Bakhromov,MID,Nasaf Qarshi,Uzbekistan
Uzbekistan,Eldor Shomurodov,FWD,İstanbul Başakşehir,Turkey
Uzbekistan,Igor Sergeev,FWD,Pakhtakor,Uzbekistan
Uzbekistan,Khusayin Norchaev,FWD,Nasaf,Uzbekistan
Wales,Karl Darlow,GK,Leeds United,England
Wales,Adam Davies,GK,Sheffield United,England
Wales,Tom King,GK,Everton,England
Wales,Joe Rodon,DEF,Leeds United,England
Wales,Chris Mepham,DEF,West Bromwich Albion,England
Wales,Neco Williams,DEF,Nottingham Forest,England
Wales,Rhys Norrington-Davies,DEF,Queens Park Rangers,England
Wales,Jay Dasilva,DEF,Coventry City,England
Wales,Ronan Kpakio,DEF,Cardiff City,England
Wales,Dylan Lawlor,DEF,Cardiff City,England
Wales,Ben Cabango,DEF,Swansea City,England
Wales,Josh Sheehan,MID,Bolton Wanderers,England
Wales,Liam Cullen,MID,Swansea City,England
Wales,Rubin Colwill,MID,Cardiff City,England
Wales,Joel Colwill,MID,Cardiff City,England
Wales,Harry Wilson,MID,Fulham,England
Wales,Brennan Johnson,MID,Tottenham Hotspur,England
Wales,Lewis Koumas,MID,Birmingham City,England
Wales,Danny Ward,MID,Wrexham,England
Wales,Daniel James,FWD,Leeds United,England
Wales,David Brooks,FWD,Bournemouth,England
Wales,Sorba Thomas,MID,Stoke City,England
Wales,Nathan Broadhead,MID,Wrexham,England
Wales,Mark Harris,FWD,Oxford United,England
Wales,Isaak Davies,FWD,Cardiff City,England
Wales,Ben Davies,FWD,Tottenham Hotspur,England
